time_ns,ligand_rmsd,backbone_rmsd,d_y133,d_e130,d_d135
0.16,2.3498791709164674e-06,1.823774123129873e-06,3.019263025210592,9.700110992856228,6.276873248974662
0.17,1.0319964581841679,0.7996090040629135,3.4910774429942033,7.640794647910612,5.418970750606579
0.18,1.7307456862287625,0.879887772529015,3.3983222963786766,7.284054363295437,4.776034303611344
0.19,1.7793385419085077,0.9775668653083193,3.279766957662387,7.002995080780055,4.127714823037714
0.2,1.479817357475974,1.214484343250122,3.157685201942135,7.297773857711599,4.985175498039126
0.21,3.312632247656614,1.3984454849279495,3.0603974690006672,7.016758090401321,5.4009380375710245
0.22,2.9961537492942254,1.5296048173252756,2.597400993996242,6.9865829093306475,5.380548091283232
0.23,3.1540477083584793,1.5194145054882515,3.433266231743878,9.016700796096092,4.454715160721586
0.24,2.635276656112056,1.5340195393665954,2.8022164693107205,8.704347129879826,5.708480032152462
0.25,1.8827089237349626,1.6632023737125787,2.8938390342366422,8.661550084052841,6.097736239830481
0.26,2.987760719149879,1.838761386829342,3.164076075883616,7.666717082280651,5.528867052368379
0.27,2.74499998491397,2.017120789164312,2.7044884038069754,6.287084891109954,5.878837221809906
0.28,3.328167261592714,2.1200041052266574,2.096647742544444,4.132026433676162,5.6153716397742555
0.29,4.09835487373705,2.284878418044638,2.190561095195677,4.6590892977742255,5.377170742422673
0.3,3.5011748622512395,2.2646125611931702,2.4632914934603876,5.012439860751565,5.270659259420679
0.31,2.829817331867959,2.284379688758037,2.734742224431779,5.4147762310305145,5.704797889558266
0.32,2.9511738831958922,2.332482048175724,2.1312689300960295,6.13448314808371,5.272306143342796
0.33,2.6247207999194795,2.3826373622434986,2.2243410058201323,5.512113974959125,5.24196995528335
0.34,2.4988518241988547,2.564844712611396,2.5334410348916117,5.576633793116515,4.758893025474071
0.35,3.49645651257145,2.4498246686089558,2.6172957636444814,6.188299196382285,5.8057735347717925
0.36,3.8639098067853297,2.370439955260654,2.491583394966364,5.426302499661592,6.314683215106368
0.37,4.842991577907099,2.4839967278628943,2.5310008601986542,3.3788130872458977,6.536051511545116
0.38,4.233154199576433,2.5573674588488666,2.174528643295002,3.3112482078161514,6.391478971837302
0.39,4.450245488570038,2.667280276354836,2.50778438033354,3.0951967311727864,6.961030131267233
0.4,4.34064580511136,2.7612914224159955,2.306704292814336,3.7367933970149028,7.45393175070567
0.41,4.183172242566315,2.8541665546922976,2.2624737653533864,2.949378044632537,7.105758609426616
0.42,3.888615988431433,3.097615262581833,2.2123682667503535,3.3725779169733627,7.81448057166104
0.43,4.1323463784968215,3.3465767440611836,2.194825383940935,2.428148639383762,7.97536273471249
0.44,4.700739994747785,3.2256726001938913,2.2622044942639703,2.331462898654383,7.661076810936338
0.45,4.544564083150625,3.210632822109581,2.0894064700838677,3.4762363448096836,7.091332172999806
0.46,4.11180569675993,3.190704540617428,2.4459644957427917,3.7640288898608096,7.29558142889989
0.47,4.373979771087011,2.952547150069511,2.588574643988782,4.799296105022872,5.704339748115965
0.48,4.15775434944539,3.091179245317971,2.500871733011597,5.13055466964473,6.749791389848909
0.49,4.85525451444798,3.2290074408337595,3.295936985842491,4.638240215035219,5.769233266169237
0.5,5.210090232785591,3.0959448575463226,2.663811933491237,5.240245882430271,5.60175698357248
0.51,4.872735845690194,3.1405587486417743,2.7100484278106287,7.8771302710887285,5.547978306900113
0.52,5.712336644286379,3.487646871928637,2.2886775966243165,6.233802192341499,5.05188855862593
0.53,5.859441987152271,3.5041458348496306,2.6358717147845345,6.046232943365782,5.152795924316503
0.54,5.276202313293695,3.4943053519947735,2.3190483128325834,5.664931458923179,5.529330567281429
0.55,5.919823168894016,3.6116793226904766,2.7611987891376475,5.270119875268501,5.740936779061263
0.56,5.84502656217948,3.684055231527169,2.4183975263905846,4.870285196427032,5.635173642292546
0.57,6.276012873393328,3.4564575806864557,2.498241383838926,3.4053117985441066,6.076260868190221
0.58,6.224194806296851,3.4708446172843934,2.4269351069121576,4.799067756317125,6.122033088658432
0.59,6.166318945545901,3.5118643891454213,3.8526122966541703,3.235900412472355,5.362523657742616
0.6,6.69667344929635,3.3153459616580485,3.2181019205925687,2.956056718923977,5.5186805049352925
0.61,6.473383249892985,3.415962502625956,2.9180206806003475,3.31156396617867,6.255405522919336
0.62,6.76421247851891,3.266941810995145,2.574872815743859,3.718218009169388,5.40065040427605
0.63,7.114607214466104,3.2509681707699545,2.6639025965327345,3.7934678745169084,5.394941764589653
0.64,7.048259486369352,3.0007769087557543,2.8753898872124877,3.9453988061109024,5.154227187994089
0.65,5.967809583320528,3.115957180253404,2.5509605348530817,4.209226640065266,5.523229638891956
0.66,6.009570242479989,2.9391598018624703,2.3896250128184042,4.683714506749072,6.224931133000551
0.67,6.902888188518283,3.097662028150052,2.790135193878752,3.2753199355131604,7.506098845123441
0.68,7.090896520845659,2.825637258754486,2.599614317270208,2.7817958083770313,5.688022737600648
0.69,6.783288368353264,2.8317470283441306,2.9038415259745296,2.5525178000417363,6.506163632702146
0.7,6.308454566898253,2.812475474507362,2.8588213182287707,3.0363871982874517,6.032920318083907
0.71,6.658952140553967,2.839391608183652,2.5265008067893615,1.781678090666925,5.004908523751209
0.72,6.740861497730294,2.9450480917004622,2.549272959418026,1.7306789856823055,5.289205385100023
0.73,6.894261470056585,3.0576662288841887,2.411542659123416,1.8212466821756563,5.011879233037499
0.74,6.838158353491148,3.0605626442129887,2.683415578863304,1.667125832980583,5.017571180993537
0.75,6.13858066762669,3.300527293141727,2.3741608358395316,1.8779391540112393,5.505380519783014
0.76,6.022056282641745,3.362269717728483,2.376579863547991,1.762275326360066,5.251601566383892
0.77,6.127738157201671,3.423073427175094,2.6067316657345474,1.8377233436232927,5.740262466549708
0.78,6.0134768516958985,3.7070854039433723,2.899147456183099,1.6860423105917262,5.276566066053286
0.79,6.63361177181203,3.794542461415159,2.6113527258437657,1.7209548449553178,5.342746250070551
0.8,7.501797998425716,3.688789331533597,2.6258665547422586,1.6746355339427936,5.188719825097858
0.81,7.1325983630494525,3.635488193587439,2.66664868490095,1.7883711959846493,5.081975962968038
0.82,7.133750792069695,3.7017373491851515,2.7688896272127335,1.9568368353868193,4.885334653739373
0.83,7.251271110245046,3.6471714045479384,2.6143013838398574,1.7382748352946453,4.984850619403875
0.84,7.210596015411391,3.529086734736052,3.176832027030198,1.7117373572489354,5.728697859298401
0.85,6.681571484812351,3.537863139978384,2.789630454670763,1.9251603251828198,5.380264919674924
0.86,6.4331574575557875,3.5711298660696107,2.542455326550601,1.7152282079905155,7.60888481164503
0.87,6.092333723703771,3.5743146000199406,2.8956496961090936,1.945944400567546,8.205867439978219
0.88,6.125164135093949,3.4977145436823958,2.5891049385645335,2.0209885046461786,8.292123027195737
0.89,5.3664517076831375,3.6448124308694023,2.496512618386975,1.923176345926438,7.890884085080199
0.9,5.5179268047817835,3.5830026037032123,2.487165063330951,1.7539051951254494,7.9703452187564965
0.91,4.899353756812882,3.4478498353246416,2.6221301572813953,1.7578878492627887,8.517146805516985
0.92,5.357169339074527,3.363702814945341,2.6770240053292116,2.1337273715109757,7.93211699195685
0.93,5.344326133520576,3.2648410112241817,2.3489545935716896,1.9082924736947744,8.006822197931964
0.94,5.351600374945068,3.3312766206087785,2.438297363148071,1.8203522020052805,7.817964190956521
0.95,5.535714379749835,3.551085343098577,2.644242288935536,1.8158257584821405,8.134173447530674
0.96,5.599555642282303,3.444766355073738,2.494479048444435,1.921560250719237,7.857769847994374
0.97,6.271450008687406,3.4230794571981438,2.645061466259452,1.7982971206362792,8.537910814710541
0.98,6.047659234209771,3.5587877921876454,2.584569839921391,1.721113201705129,8.256783998428409
0.99,6.623554395536656,3.7704244015678055,2.5859925310388796,1.7468488163481242,8.408912863768636
1.0,7.006068948866748,3.69234096021931,2.6469213449558118,1.7537604116754553,7.504536936626101
1.01,6.868290531981837,3.490684079613809,3.008061379135499,1.8370331183909656,8.585556292061705
1.02,6.482168756440992,3.6031685152724466,2.578188324396347,1.6921324408572997,7.760639261147768
1.03,6.061003543357334,3.5827018754771287,3.064036833261261,2.1627132321570497,8.249198507952661
1.04,6.277838230991676,3.6220450686371737,2.690054949786337,1.9417247869830372,7.991589079073964
1.05,6.2327854437415455,3.4703447558397413,2.3342325489540854,1.7615492497557041,6.909288502931128
1.06,6.136792453059907,3.360699291652181,2.632089373210646,1.887798424984051,6.031855235556205
1.07,6.5534416372167925,3.422873386772413,2.4159749737670126,1.7741071504975718,6.735006370503565
1.08,6.881677632181068,3.5482203545266944,2.528163310114708,2.057650332511954,6.887226759777393
1.09,6.9358143503618175,3.7072519104941333,2.8668317890219868,1.8297965469090969,7.3127920181330035
1.1,6.382359277626735,3.849061953795148,2.4437115168196546,1.8407301045738707,5.898212997215591
1.11,6.442632765023661,3.83538562624508,2.839836705832408,1.6833040730462039,5.705890457669517
1.12,7.4076300984289585,3.960783914867302,2.5534844706581277,1.780589016767287,6.390429762328203
1.13,7.309449960580002,4.00892124646003,2.783836593982278,1.6967434203385354,6.664725983593137
1.14,7.636234877911984,4.214896221095804,2.7390512815539334,2.0091749852014242,7.662730119417186
1.15,6.798484368933639,4.441114856245506,2.4621139008575845,1.6606139249916845,7.783253552292101
1.16,6.915125666804527,4.413025116347503,2.647763171333341,1.7074612717759323,7.820339026836197
1.17,6.4581909022776545,4.334943403865831,2.673236024358799,1.833561476816977,8.201650251785628
1.18,6.391339503486071,4.198929180396958,2.617863436763226,1.931244829764057,8.914371636950898
1.19,6.4066729836021885,4.0047428874251825,2.99723646258232,1.6999247992826894,8.294330203201119
1.2,6.533543479056314,4.260471388303431,2.6774089911182233,1.8408831733921935,8.522327379197089
1.21,6.739253916143483,4.203455783463586,2.741946694577512,1.8845419650729194,7.832027166804159
1.22,6.298735101716196,4.182047499250973,2.703339603711758,1.8062576073375058,6.5355951622655315
1.23,6.884464061291417,4.3928432560527675,2.6271890029451272,1.9356495534971057,6.17780682279081
1.24,8.02697132683025,4.477864134128874,2.6690876661435703,1.7445551646469988,6.455243432936826
1.25,8.175392301504132,4.377254483801472,2.616806297811198,2.4754302832540023,5.041158178675898
1.26,7.949101092503186,4.185413001391198,2.7782376755879414,1.7442821591165067,5.100983033604362
1.27,8.523244994622397,4.240910968103685,2.5858150440039442,1.7389328972067344,5.3731209227434835
1.28,8.378368952544507,4.194692456409497,2.348795965457235,1.69606676012937,5.6637439570921195
1.29,8.842813412879481,4.5077756739873465,3.262340740461548,1.697610808514806,7.234879611075473
1.3,8.694936594841458,4.756825643220343,2.780005248872824,1.7976153302780482,6.091008463958395
1.31,9.124010170240359,4.853983712698853,2.855514240900996,1.6608042693212455,6.810057579403618
1.32,9.064589327372916,5.132136924539314,2.757171556129095,1.765119497310527,6.458092443118142
1.33,8.800037666760858,5.035830330278831,2.7814396985873016,1.7688824468610738,6.241713589281137
1.34,9.183367532095055,5.231582785680829,2.886754936066716,1.8596891829174163,7.208020277754203
1.35,9.142196546797985,5.257492105397506,3.020848585873467,1.9752118644737426,7.4058271252261205
1.36,8.710212280834167,5.4158970949314424,3.311263521418739,1.8254792295597593,6.963909462638327
1.37,8.450595311600512,5.4503702648563,3.5945339669063023,1.8611405395193308,7.194482637769962
1.38,8.767286132209811,5.42700051057971,2.5060283278481617,1.7831798759482118,6.411820890256464
1.39,8.151135438975599,5.384208420123308,2.7317253443975282,1.7455170627705905,6.775775460716957
1.4,8.5145362107515,5.48252197179256,3.054542946276831,1.6752338307672363,6.965712062217523
1.41,8.365210580203247,5.606446262095559,2.992420495307658,1.8307129337553818,7.816623562298397
1.42,8.701676164146326,5.439386708212616,3.3439998004792995,1.862396630800198,7.876632026795032
1.43,8.753931825115595,5.405137222324287,3.5242846578134643,1.6910975711939793,7.830638589319646
1.44,7.9765421184781315,5.3560301825882,3.237568722068079,1.9079723193804123,7.014467041552741
1.45,8.408158601540237,5.355670649404927,3.404485485688805,1.776993273350768,6.951654293616076
1.46,8.942548018372667,5.266073135466219,3.1167338218071703,2.0248746004598157,7.282134517533771
1.47,8.751969062800606,5.336826223864823,2.525160019682361,1.7144985925191754,6.437167013304628
1.48,8.643493522332154,5.525296520185833,2.7143486253824247,1.678447357152942,6.878019041151916
1.49,8.97983722867696,5.36345417716284,2.738852172247631,1.8058518115749727,6.152368214011988
1.5,8.832420155229059,5.514087159591471,2.570036781592706,1.9764593592613413,5.893614210685333
1.51,8.672105524897832,5.428118862466192,2.4735156287707714,1.9746407498309992,5.57709439265665
1.52,8.45865118153259,5.597736947485309,2.5213557252553356,1.999646041527268,6.251008112166686
1.53,8.358242360442821,5.526134706753292,2.424730952224133,1.664811435474524,6.104902884955754
1.54,8.628388852989792,5.450133726977453,2.882553520132738,1.6965907523622998,6.632800476890277
1.55,9.21097821487609,5.480941121523038,2.46269453836278,1.9656973677668457,6.572690328570228
1.56,8.56752249873255,5.509578721565137,2.5076264028804385,2.0592170099256584,5.932095504576389
1.57,9.149111461589206,5.617326649769851,2.7428806064603966,1.7912042404402122,6.691409136968332
1.58,10.124558706222814,5.694444287841958,2.921954726904145,1.7816076915174377,5.927922852642161
1.59,9.68522425026044,5.549784917189283,2.6909002989283,1.909685861773649,5.324336847867861
1.6,9.263552410319088,5.605683219982963,2.862502288972546,1.8501651620234973,6.544008124161225
1.61,9.115213343369211,5.496558633682252,2.474727126079301,1.624491735100599,6.079215970540582
1.62,10.040473133948321,5.668070345738455,2.7985649313133982,1.7109095336291142,6.385652694998294
1.63,9.788627327690817,5.848549132944556,2.656265707996877,1.7719596409268759,6.595527774334997
1.64,9.586045873295953,5.551691942037107,2.821325673993844,1.7571377577160485,6.954705487729563
1.65,9.033423702835114,5.502288969321391,2.793542889202388,1.7606190424211619,7.27970303759039
1.66,9.593222091599348,5.400932429073753,2.6907661791116784,1.810072252275867,7.202759360860224
1.67,8.832475284444358,5.234131505458918,2.5971530372680083,1.806554255461868,6.855417432626502
1.68,9.493342112112833,5.320242113700307,2.7461859002452567,1.5919074781643583,7.643295274507943
1.69,9.212630341749943,5.147339496322323,2.6023165103156014,1.9883338619895712,7.085647975392008
1.7,9.445421916480875,5.166398069413937,2.704701083043329,1.8283393423626026,6.324412383280578
1.71,9.114299601724635,5.283496020198279,2.8567431037114828,1.8802162517467862,6.629108540114668
1.72,9.693943842470237,5.274066564046269,2.967538277036092,1.8224931156012465,6.476919889649642
1.73,9.252885673624684,5.229664008520291,2.8315421498785254,1.752487556295834,6.327105601115245
1.74,9.198242563179573,5.226082450268035,3.0492686032013308,1.6969618359078207,6.778371527651479
1.75,9.830017030957697,5.50416757295337,2.6704866775786464,1.7203049666712236,7.069312715451805
1.76,10.149858275350855,5.514517621412798,3.373391992893157,1.9353072225583796,7.699702305824942
1.77,10.536148424589225,5.390801429310647,2.8819578492848175,1.7343625063969073,7.1333157727275465
1.78,10.169252028671874,5.604453377074783,2.735808151483334,2.014109700182362,7.778599319277096
1.79,9.847014597534447,5.453703174513173,2.702022509861476,1.99454447519869,7.216901615524524
1.8,10.132209101389014,5.679870969714988,2.7988250900260554,1.6857780414706747,7.808172393212314
1.81,9.76368743839815,5.508212629222257,2.8952031648942635,1.6673025216966701,7.172367759165978
1.82,10.035660098915326,5.376122124518771,2.657323836292512,1.7903991574508193,7.160769422024249
1.83,10.095421320425396,5.338389795417453,2.5743697073815466,1.8427556194658499,6.627861997948186
1.84,10.198894759467194,5.118610862341955,2.648685151998417,1.9556433652726295,7.5798716206774275
1.85,10.33305401074992,5.150450991599585,2.6093405012561717,1.8487357815494123,6.298300364316633
1.86,9.829476376702859,5.0816087219358534,2.8596826520966365,1.8563874872504966,6.3143776355496115
1.87,9.653362695170491,5.329245950554684,2.6925652070554174,1.8495281313777714,5.662294735273187
1.88,9.316164023972586,5.334109988731351,2.539990202679374,1.6985947495326184,5.602796044142602
1.89,9.004575614363084,5.4171051200038,2.8510627139310696,2.1698978600036676,5.754237244084334
1.9,8.727358944841383,5.390455488202199,2.909653006670379,1.8956373013183905,6.140600840043163
1.91,8.758484490831213,5.091613629809853,2.6959794573846696,1.7947702469586588,5.054997813493766
1.92,8.8392497583817,5.176590740116313,2.4417016136234566,1.7284993509274753,5.195135471068467
1.93,8.3519878910613,5.0544785783564254,2.7958454981312464,2.1837074838345023,4.989788575445852
1.94,8.316425634457158,4.964998944912843,3.0228661766903944,1.8703510957948342,5.164012676488016
1.95,8.808198573336595,5.035323326878323,2.5555295288330035,1.9269846706059868,5.275559532112962
1.96,8.927020662426822,5.012793312062985,2.8796533064362464,1.8637863199558855,4.742916660147222
1.97,8.50132194800733,5.042670390449995,2.7345371163588132,1.8487236152442845,4.890111576028244
1.98,8.708771997442884,4.982472255824123,2.6211245516816235,1.9359946498184497,5.64485437254692
1.99,8.214091858882925,5.062988711632503,2.9470091278342996,1.9522920262797536,6.018501953938479
2.0,8.829104660951115,5.10830898228506,2.9466122875209844,1.7525230320422767,6.1823281692928
2.01,8.357615041417905,5.017319649013217,2.605908902464442,1.6927154655372671,6.412315198273726
2.02,8.963504921206919,4.95376467347641,2.5318741263399143,1.9152343079588676,5.559035563282902
2.03,8.6929680555883,4.826102063060404,2.92201372931626,1.8539319373944556,5.871649202719222
2.04,9.508968879466357,4.905076747124511,2.8412181424730876,1.8645341397514517,5.794619591422621
2.05,10.037964975304101,5.0108884428634255,2.411973579942946,1.9654574796225766,5.633669651719814
2.06,9.91727037458506,5.075987518859937,2.7710852702559663,1.8228683328794386,5.554091009274411
2.07,10.223177043009999,5.085115164479291,2.2908584784408936,1.8914545190574454,4.829487768099469
2.08,10.466405952031057,4.972576230143125,2.668201803865348,1.8874510836794367,5.43794027794548
2.09,10.135201637045528,4.906883981634555,2.5182190301806426,1.7603623650157167,4.9944016749102955
2.1,10.17369374514519,4.829407593706331,2.7568782787643373,1.8776487273140514,4.8015327623956505
2.11,9.162177631084143,4.633910579874663,2.705950777261854,1.8540165001628046,5.085396641003932
2.12,9.144633991832666,4.339877033480409,2.5692515236723112,1.6695594746556093,5.13347793161479
2.13,9.240082325197914,4.361767630946186,2.7255148121803785,2.034557946403258,6.103317425128197
2.14,9.280892899669137,4.3723070436589255,2.851842842436579,2.0819282959337837,6.670097041987153
2.15,9.763105727327806,4.363006209929565,2.802312159778206,1.83921458214547,6.601261046026676
2.16,9.85322072201862,4.446648244932477,2.615226186936822,1.6911493368965878,6.328874859104388
2.17,9.735274642985853,4.461272062779839,2.6489495744527947,1.8727818180065907,4.842996465682324
2.18,9.382300196142587,4.710825413597038,2.5979004494790545,1.6905478795551654,5.506753992934482
2.19,9.408938644789503,4.613387261693806,2.6449992989415176,1.9773402802180413,4.677804836730475
2.2,8.986776279940031,4.600587925628339,2.642103891776861,1.8978130541745164,5.119979307573565
2.21,9.591270651363757,4.662126824898184,2.629519894266728,1.8484786300154297,4.916182695354228
2.22,9.085397219209378,4.505665875052585,2.7282210422886295,1.731436196598193,5.302417535812257
2.23,9.692144380099782,4.6948701643142625,2.590303925126973,1.8358240985243195,5.23787638935281
2.24,9.734243610010159,4.782479992778953,2.8283122054901013,1.7086614389223844,6.532598325696905
2.25,10.155513909537529,4.797270677095857,2.60251931201574,1.786150311003078,6.84995807634277
2.26,10.7552798443283,4.897256019304377,2.985404884123087,1.9583024559868,6.280040115871057
2.27,10.338712266797225,4.80371051610771,2.8577918467759007,1.7375442831790482,6.158693699848166
2.28,9.45127198163454,4.83358566785962,2.635328036986429,1.7181420698983083,5.628276912402186
2.29,9.292905184322926,4.833143817458154,2.6070758894479793,1.9356081141536199,5.88862130981698
2.3,9.207508437220312,4.774331619617164,2.5073306937568516,1.8713057848743706,5.240341977227202
2.31,9.876173997179233,4.582493647503203,2.6256615850173537,1.8938709851239695,5.322476062772024
2.32,9.587537833427824,4.569751581701352,2.4933301986556904,1.9160733232207325,4.914222469928979
2.33,10.423905357562965,4.699118424206052,2.7401088928916906,1.9093162133465285,4.614114517371173
2.34,9.749477907263577,4.791576681414513,2.4798872111260613,1.9472715052198708,4.938396662722002
2.35,8.452225146217513,4.8834657134463235,2.7328284440284722,1.8762136434757373,4.842605281234493
2.36,8.726408474071253,4.761164922064354,2.860355459311253,1.7722338051920548,5.085572468003494
2.37,8.169214601619284,4.770223806733649,2.59387538053017,2.608900277099502,5.646295664940942
2.38,8.752438680530352,4.695162484924428,2.783583945175865,1.7197885838942153,5.456075430833443
2.39,8.730267059138875,4.838006064415309,2.727037053476675,1.828874367999331,5.7710990787720124
2.4,9.132630747444443,4.732732173322313,2.7973301553732766,1.8298080314876313,5.809430967857554
2.41,9.164250205694174,4.830097499473221,2.5909244794930486,1.8835889978651759,6.109084728280926
2.42,8.994374461061646,4.877016958377851,2.8113141000491164,1.921314076364052,5.801158730297274
2.43,9.072681179377355,5.091367399686841,2.591795431345737,1.6928004641701135,5.320587471791342
2.44,8.839404457485585,5.066019017478442,2.649195415905402,1.8350531049042595,5.371746163426836
2.45,8.948143447192182,4.945207437292999,2.6198640963851054,1.8015743027315079,5.962190025331683
2.46,9.127206292134073,5.059411064741123,2.5610202492639416,1.6046991264404535,6.364381488275871
2.47,9.197473710285934,5.050785747951782,2.8519835318936155,1.7786951444577987,6.705899465017861
2.48,8.960496601234283,5.349117783643328,2.8105427986013707,1.7322350093500603,6.728566045877784
2.49,9.474767108508365,5.556040965257188,2.6966324756032902,1.8332359195671728,6.413883532476808
2.5,9.311715496965439,5.579760168778217,2.6743191329883453,1.7593601102936383,6.3705990671673325
2.51,9.244375933501198,5.6113864368425155,2.806968087809617,1.7725930940258867,6.0128110944729025
2.52,9.208772066251074,5.737458337634805,2.609639654403791,1.7990782721306917,6.459526548676628
2.53,9.02610158047564,5.645851925647154,2.6823270317704977,1.8640697966040183,6.40388677895708
2.54,8.6799968260067,5.769687282730554,2.705686607671865,1.9742349930947853,7.162205733363883
2.55,8.952874135514076,5.860632709679813,2.70309558229171,1.7898633065391911,6.676497193780962
2.56,8.621527951487439,5.795101697445754,2.5193872549351064,1.5830893182297823,7.064740122383459
2.57,8.405252648983447,5.766101315150483,2.3460594500991334,1.6531386390583531,7.170159312521802
2.58,8.128545673924133,5.6430333445793215,2.4675638196023244,1.8430990771049753,6.8794036694109115
2.59,7.696045045397303,5.554133758992335,2.705329696284369,1.843517930975143,7.0388233302555925
2.6,7.715617286755238,5.608337728228836,2.874557977635488,1.7934388162892256,7.0337291986343455
2.61,8.134532653890968,5.624661107266891,2.965934565340379,1.8689592080757071,7.633799477774315
2.62,8.272116140676419,5.847491887686609,2.64626392908389,1.9275225126141315,7.191486971037234
2.63,8.623135693799785,5.701593385973355,3.0347691957841683,1.9537562224503207,7.781100202539508
2.64,8.416300485720413,5.723936074367957,2.434390439543587,1.7077804731327935,6.778597851220322
2.65,8.22426406531741,5.822654760088495,2.5085908682660416,1.8729552980345152,5.936304400864257
2.66,8.519471769969497,5.909179954118098,2.372858039831034,1.9276149340022521,5.9474252276177735
2.67,8.879646167608717,5.7464926127802745,2.8110200654693958,1.633774949687781,5.806863302191444
2.68,8.962565535734193,5.805961597684513,2.5532288547465205,1.8040399389669983,6.175391632975825
2.69,8.942706996379046,5.776964935716632,2.4944071502707383,1.7986624001699831,6.125499895400311
2.7,8.637384929400932,5.625125209199499,2.561393530825775,1.6688957960198607,6.598076372559078
2.71,8.693565224628665,5.600154800638241,2.63595101109094,1.8156892825520112,6.381410105161761
2.72,8.51524495212945,5.8317991864271805,2.7442686544395376,1.8572784449209458,6.217189173424753
2.73,8.6604392473058,5.832704435675668,2.753567452238936,1.8410553821991127,6.330084066641271
2.74,8.492450336908048,5.780615975684348,2.962647515998112,1.6251339676367667,6.128103966782726
2.75,8.488900822421735,5.766433566819719,2.96079398501425,1.7297407892440284,6.4744382156259475
2.76,8.60532248861496,5.863995914919496,2.453938459951993,2.0141349919410687,6.6719548904289
2.77,9.510998087910242,6.000805126110062,3.1397707506931334,1.6879195734498236,7.102982939398499
2.78,8.894508950133108,5.824423929166519,3.0439992805453504,1.8289861340714213,5.902145547380161
2.79,9.251990198227597,5.702916817731651,2.7431771647563132,1.8519601378857433,5.219262002687988
2.8,9.434403304600245,5.868305621805129,2.6205811288520495,1.7039699725723874,5.058984759758587
2.81,9.067337948638507,6.059203385252683,2.7397557966255235,1.719262489772234,4.930900150285452
2.82,8.9948182209633,6.0862488050277435,2.643371275543981,1.782352106452367,5.11319958146704
2.83,9.178711479671781,6.044959592568454,2.6531971199916797,1.6071587014864988,5.53658758628305
2.84,9.050568452433822,6.128823191877279,2.6706148242702494,1.8078023917718617,5.040972168389881
2.85,9.214820482314959,5.891907980026878,2.5986519250791895,1.640115462772357,6.303029009740154
2.86,9.022724115936219,5.769682297373769,2.5620943618087537,1.7537099311297342,7.026549646868775
2.87,9.356489346712074,5.848547220610343,3.0344727139302208,1.612824439801406,6.673506190756732
2.88,9.366436661078696,5.822772194499903,2.7209179977492624,1.9438425945873303,7.8311188746177995
2.89,9.579899561821746,5.957198638440277,2.4478002940757024,1.8511293939628872,6.686344706053907
2.9,9.615485166140282,5.9910239671279095,2.4076514489153165,1.843863466890722,6.94466855648819
2.91,9.506171233451273,5.834966985282754,2.3172761471173424,1.718512938368845,6.594574614103071
2.92,9.749456786966974,5.844357803251783,2.406952125578665,1.845901784152795,6.206444809329332
2.93,9.401037164664977,5.837336626463989,2.485362606146858,1.6249771262901689,7.082633942635536
2.94,9.583439413375853,5.9037130384585765,2.3654894216734577,1.8302707646319152,6.686265943841454
2.95,9.132072228590133,5.729471567656123,2.9652506291634286,1.8554614027973477,7.007998679240502
2.96,9.253433857768908,5.756397890660817,2.5939487718022645,1.747935471639589,6.588887771426878
2.97,8.974189057702134,5.948158851954557,2.910902499660449,1.8004700014137547,6.04653581671822
2.98,8.856280298339145,5.932592547347296,2.4703619023616925,1.837152621659366,6.768617959670114
2.99,9.129654130057927,5.8220551155493006,2.4803339540536617,1.9988495455469069,5.496072143488261
3.0,9.83238547879511,5.827198330063325,2.6802453655050176,2.026779761010206,7.1557877063833475
3.01,9.287773283698881,5.778667643621638,2.9762036716653077,1.802829569483181,7.05506804169079
3.02,8.94967534701577,5.80757464779795,2.53728107954682,1.8358038721018273,6.677310510845566
3.03,9.086189687897601,5.609158983606381,2.3218788023708616,1.7745177817566813,7.7038411797919295
3.04,8.926851534795876,5.4574898593897245,2.539877730669494,1.6954405039157512,6.628911864428292
3.05,8.745181582990835,5.581950953568176,2.6138139853540303,1.863337248231885,6.427732460642816
3.06,8.236167866469694,5.37268506693358,2.746981165990301,1.8035765405770623,6.9743963145460235
3.07,8.637555859215526,5.5750131052673115,2.562074368827827,1.7815174900820714,7.0197952585693555
3.08,8.73308694349513,5.537425916007538,2.687661662387221,1.7578683188811668,7.012344980231748
3.09,8.791853509825778,5.4984300212270885,2.504317603319908,1.784171151061479,6.307313804056275
3.1,9.156740810613737,5.428558378899694,2.6024898894958364,1.9043982179481018,5.701364198658662
3.11,8.717916968513062,5.644273691432701,2.3655521870106258,1.736887034584692,5.225941223292605
3.12,9.135120774134574,5.821266814438733,2.7918787014856195,1.756853031198175,6.034729492963266
3.13,8.745118805081338,5.846961822763792,2.5276879318332357,2.058175072987172,5.611077619596454
3.14,9.142843586183073,5.85651850981212,2.9297079720427575,1.693224148069112,5.746303906483436
3.15,8.523064704210888,5.629424006950351,2.518715171776426,1.9594579250201083,5.81570425773569
3.16,8.438102819056311,5.709244712770318,2.361450447799549,1.8904085388577199,5.487430027000925
3.17,8.674618108529003,5.651432905854218,2.701343853252266,1.7236252120056177,5.431680951107403
3.18,8.624393029060446,5.558906799025742,2.9454423420288363,1.748248456899539,4.967396868053786
3.19,8.1097717221668,5.6824602115791265,2.841521180504472,1.802454121414398,5.539575570949194
3.2,8.33862765880558,5.595292465470475,2.808725863173987,1.8801635264900658,5.353759948149442
3.21,8.27071016860032,5.737183046031627,2.413118521785927,1.8914370987377886,5.514971300211374
3.22,8.582127736013017,5.889117133859915,2.355717111219537,1.8270691006155437,5.068278447328213
3.23,7.85395815183332,5.748708005613557,2.4954960507435513,1.9105274963418042,5.3274103523207454
3.24,7.782089939111697,5.992473978411548,2.6153279886323686,1.7570247049277625,5.485029054057688
3.25,8.570042342002022,5.905401863931287,2.540630557985257,1.9508049042364686,5.3807733342301916
3.26,9.079588915110294,5.888146315074854,2.653156727120666,1.7446226058906704,4.836686997416122
3.27,9.199570850164157,5.886563520827577,2.6892348749678887,1.7209305531612058,6.353449443750018
3.28,9.398869145169146,5.708181296354635,2.839916419644203,1.7018319574550016,6.843210289435389
3.29,9.280575177411292,5.523038189067286,2.3786249370329404,1.6325101177291992,6.097517733641134
3.3,9.527167028358692,5.639257270821019,2.4686630585408076,2.0544053573801366,5.9294872500199265
3.31,10.01181855507315,5.431994922845485,2.6946899864002245,1.7888353001497794,5.729043412840259
3.32,11.447550223891449,5.431834475865701,2.4694445334337365,1.7579839740648735,5.801835334987567
3.33,12.104179447802784,5.466208377463661,2.1917559108287548,1.654833141877087,5.250738931485877
3.34,12.309062973229455,5.48591469995582,2.1790933808661244,1.7790562799378522,5.723052363767068
3.35,12.099432561867891,5.483865863321032,2.1073140608994834,1.8763174412905292,6.0647657197785145
3.36,11.518070089368118,5.713633894054665,2.483697839696908,2.003423033570386,6.347975322468762
3.37,11.216048960796162,5.8859599050004245,2.3121919086446123,1.8043383329878386,6.048174758590305
3.38,11.457523415439463,5.80378075144905,2.4661796243554335,1.905054288636704,5.586077155670679
3.39,11.60852708855301,5.801229717957517,2.696225779513694,1.9811586524141684,6.290936140291031
3.4,11.81983824101509,5.949424171703816,2.848335538932117,1.9974560089670554,6.711144934401122
3.41,11.807248816858651,5.889335539029954,2.7141657024040944,1.6458309256227637,6.697130059948147
3.42,10.951121414056807,5.937403108051426,2.6442754606296983,1.9222226158619593,6.437915342342841
3.43,10.762558834489727,5.928614212757604,2.6219107043806633,1.9306522496540612,6.082032405878873
3.44,10.515063045206594,5.707482175770751,2.73850761827439,1.7681437194248255,6.532142612720503
3.45,9.585712586940346,5.822762360719268,2.60767930309721,1.8997327354394045,6.282371903765316
3.46,8.812609210107203,6.089172838717625,2.5332678772926114,2.030407489318612,6.283516275647114
3.47,8.875309969431045,6.04028334930232,2.6603280609874798,2.166419512310552,6.813938902975983
3.48,9.293293879388674,6.221290467768954,2.85976349073719,1.972118024443666,6.211038218177854
3.49,9.09491161845168,6.074919451037323,2.34666859960301,2.1915387632766943,5.355967141264671
3.5,8.931123940159981,6.175526897687817,2.582204718653176,1.8347919569046103,5.936677928636275
3.51,10.21688024751834,6.046421357354874,2.665747137129077,1.6879170561052945,5.482171234747421
3.52,9.618524646310249,6.156802172752486,2.581224215665551,1.6897325977980755,5.5404325503246294
3.53,9.823665436225632,6.293095916075401,2.5069433857560193,1.9242055500283022,5.832876309951595
3.54,9.688192027545387,6.11120746625233,2.554223727969618,1.7234810637602467,5.08315342899596
3.55,9.026015048365707,6.003680838810435,2.6476647984794837,1.7770674734375511,6.489443657201391
3.56,8.550447449920986,5.911887792174699,2.7229449846621847,1.747298139025626,6.032844660982814
3.57,9.299947124836446,5.735109246732692,2.638022222015065,1.7305934220120864,5.005643524260418
3.58,8.974183733972005,5.712819285429195,2.4874602828994083,1.8527197068126908,5.129799282023358
3.59,8.441345491476664,5.674126867352845,2.5973845360556838,1.990392817537532,5.414461542374758
3.6,8.263702738134203,5.5879673799613725,2.63098919306766,1.738116757693534,5.10114684738124
3.61,7.791602068671614,5.700196335005343,2.7537111615420513,1.8742233047110213,5.123297450464986
3.62,7.738515442895575,5.989996101616529,2.611061817057844,1.8418612944356219,5.969835044935615
3.63,7.562614978953259,6.037060582480971,2.3685063324480065,1.639780327500788,4.716534492012922
3.64,8.01278121143199,5.932233919394577,2.8472508379689803,1.6282183628089963,5.4922818117954
3.65,7.691524508734549,5.947617562800642,2.8450388880017656,1.684817807428971,5.516680219465187
3.66,7.313459110396392,5.988455747913917,3.091749950274271,1.7958183744502019,5.635183398384677
3.67,7.500773270492498,5.987948579929806,2.605363523069812,1.7222281131010104,5.471594027182896
3.68,7.316423237582728,5.867820486926294,2.5053725659355037,1.9040093807804819,6.434287778372459
3.69,7.129693379321179,5.819469440653326,2.68438830119523,1.8973280702344066,5.590399315234224
3.7,6.969345548852635,5.876438233878243,2.6955062541961494,1.7518917202058273,5.11464687333148
3.71,6.95253997972103,5.7692962569306365,2.6695873747021692,1.9755908340786625,6.253033416690255
3.72,7.455977526252518,5.64659168453706,2.8147781904863862,1.7711231748242826,4.9156246784786175
3.73,7.881453638741126,5.694777601791271,2.471795851884118,1.724943586341334,5.835128658295616
3.74,8.174857723460969,5.592919641038536,2.697585728609744,2.0687295055054373,5.275651996425897
3.75,8.7477750935435,5.6363287226916325,2.650977293842314,1.9598335620337353,4.963501687769392
3.76,8.190798485156275,5.604293551038224,2.717466034009801,1.7581378624994068,4.990670460244001
3.77,7.60652116575116,5.511278938325609,2.4491855408943257,1.6962153285503454,5.174592609814418
3.78,8.479137072469427,5.31329648270043,2.889506028756383,1.745511160435814,5.123716731738286
3.79,8.085445668469848,5.273074299946592,2.7375245436727647,1.9759895276693558,4.35345292137215
3.8,8.324253758919122,5.067144375177498,2.3995263466730616,1.7802455652146087,4.856783444077379
3.81,8.510949758015771,4.999468779965554,2.4672842773032433,1.896573666214049,5.571941702941101
3.82,8.44708555823701,5.091322452986742,2.464038311001202,1.8573044038490618,5.289852718145469
3.83,7.949339213750245,5.095815215220046,2.4129802815556496,1.9303576549487111,5.472346200072829
3.84,8.304020957690868,5.176344905108083,2.887801803753527,1.8336423855986779,4.895492440937509
3.85,7.768809608151504,5.037425184892175,2.65863665700907,1.7666778019439295,5.104142505367165
3.86,8.727332703671932,4.964041763596504,2.882246709032628,1.7322847919151778,5.20695289444409
3.87,7.78239623105047,5.080700643983777,2.5660739432518858,1.6897745852536568,5.204742839868592
3.88,7.455316278810765,5.280414153104648,2.6019575842802123,1.7980045606840374,5.682092235735462
3.89,7.489463167653649,5.330121062274358,2.7796413287029478,1.803725587086116,5.492330508169965
3.9,8.130160921848136,5.428581501060146,2.4556554401155504,1.8728663036602946,5.59097135357627
3.91,8.262649478401096,5.538353222482246,2.810975205074961,1.8418135643730646,5.672097061153777
3.92,8.183865426760011,5.58386049928625,2.670644440449072,1.984338190341986,5.191906017085767
3.93,7.750977153785075,5.607309565943223,2.4169975585852232,1.8082426214423266,5.177895228296573
3.94,7.721636012277435,5.601618221190938,2.450747119101184,1.8886660239679376,5.5757307044434645
3.95,7.95182203984313,5.490826968107644,2.650394236518241,1.8102313393706895,6.335678665490058
3.96,7.563637452716835,5.365449559843059,2.654597917495427,1.9302317166016045,5.615532014260411
3.97,7.99739885796787,5.3594794633145195,2.5261309604470648,1.7800376795381334,5.886164004285125
3.98,7.656352734760901,5.318128558906852,2.444447654882723,1.9866015045582373,5.459038282424106
3.99,7.694100008763133,5.325380736767002,2.5513615588844076,1.751133791787287,5.6748337862253315
4.0,7.397531627455825,5.339341719336467,2.5174741871344826,1.6994299709845222,5.0776801950950246
4.01,7.361933812134649,5.411844334146434,2.682126751270764,1.700347187535313,4.288483047088748
4.02,7.127178168145537,5.461818629803209,2.6242362943583784,1.7356752935930044,5.6126178924999035
4.03,7.339531527362041,5.487793371030918,2.708842104402394,1.6464414152270364,5.171154585958295
4.04,8.097449804076366,5.340840610591065,2.686127172514243,1.912251300756056,5.567745788055055
4.05,8.25915332966174,5.478087109216768,2.7949504147516775,2.1028219212836903,5.826430045911474
4.06,8.251227591545073,5.334718465350267,2.6098464106701917,1.7956645775780835,6.118875803591396
4.07,8.483135998882613,5.357744330234571,2.414092302561891,1.8591961648906619,5.613462976183038
4.08,8.670620329531477,5.3285212366636925,2.597428398225961,1.6994832126080195,5.453167528592803
4.09,9.18713102182542,5.458666668978682,2.376516518716735,1.8503958225622756,5.378627418007458
4.1,8.841400688146182,5.6085166077520725,2.6894558188042215,1.7701050024782028,5.6839816209457865
4.11,8.693074841473933,5.631667111900113,2.682435544562073,1.825539874775613,5.673973113661198
4.12,8.737579513114293,5.587836461893667,2.9322306526934145,1.901870161851251,5.28606623166845
4.13,8.866765830077595,5.420149543234381,2.679067193725666,1.7766388443845018,5.984334709177421
4.14,9.136160663353627,5.465890127416959,2.621831734969046,1.838345395128836,5.734872845588495
4.15,9.045895230781465,5.475196818074085,2.484540651012241,1.8118680198396484,4.89333102613668
4.16,8.232419504633071,5.366672941402595,2.474600872274173,1.806821642605611,5.023646760482488
4.17,9.061901740926766,5.482279196521388,2.4364081380562457,1.9443130778355135,4.395204006147066
4.18,9.099717890216747,5.343293176394236,2.44194103846347,1.9033609104383837,5.343416328543983
4.19,8.965560220999437,5.28085587267824,2.4246532266126053,1.8424021206542276,4.480292762297421
4.2,9.417925011204595,5.181332119623065,2.66272486833324,1.868563490686756,5.977994775660315
4.21,8.857833376088212,5.031408158955258,2.5953954252909877,1.8969653839305012,5.710309774440098
4.22,8.763124966802199,4.816138733516636,2.7294920425595466,1.6929958492186743,5.7146188023582845
4.23,9.264760104215908,4.863636536698709,2.5187969890073285,1.7925473786366775,5.827735189647057
4.24,8.769252966005897,4.890845552746089,2.641946134178374,1.6980350522415049,5.907253377564306
4.25,8.730274661296882,5.033256050567268,2.3851540119211068,1.6712336287644787,6.230396074882316
4.26,9.453109467711586,5.226468325774426,2.8166761046976654,1.8357994080949678,6.054925664672106
4.27,9.065073145574328,5.130908249475833,2.64070696478177,1.7445602973951775,5.835828257383539
4.28,8.8450321161709,4.952635812904885,2.407226999098694,1.7217359651397943,6.171316602678754
4.29,8.511142097326864,4.88963323977532,2.6167646304528427,1.8155615910424057,5.603441484119921
4.3,8.67523030350046,5.028738319758399,2.8144811544047994,1.7232420034405025,5.340554374818598
4.31,8.736197902169636,5.1838160914261,2.5115579015629654,1.742654935989468,5.040435753421014
4.32,9.52025935387716,5.313381895674707,2.1753300037439725,1.7469584129370839,5.986818519971321
4.33,8.99161283582424,5.1316995458841905,2.5484918356619137,1.8012126197615772,5.081651151731508
4.34,8.694930454339337,5.070990027989014,2.9313841518672072,1.617816127473185,5.403714034019721
4.35,9.034109834368637,5.146228922422266,2.6647716419062455,1.7719590290487337,5.715509167444412
4.36,8.7898460324625,5.074451291168271,2.581897336043263,1.8501980568321432,5.61299203214697
4.37,8.615342956672722,5.170550767405017,2.701688776121516,2.1754956507003995,5.841408539827543
4.38,8.79703626280846,5.142905526651448,2.5357039828647894,1.816664461798499,5.920102545534168
4.39,8.861162486164647,5.288348036900664,2.7343051763230637,1.7387507368412733,5.408952249059381
4.4,8.611097132752262,5.218909196189238,2.6049599354163964,1.623163884556714,5.366629108632995
4.41,8.62691775455895,5.219599267766171,3.164166302189794,1.62878892600363,5.946122043636592
4.42,9.05618590306738,5.279177477993486,2.5935423041231243,1.8290874461729667,5.9909883895866045
4.43,9.980346881569305,5.552197583277536,2.7302700027955344,1.6687216452788571,5.519215383795637
4.44,10.18137787759465,5.720565934659247,2.826102026278624,1.6778641781853378,3.5588680472182377
4.45,9.462460814623423,5.643669577915055,2.803678629482013,1.7116089246892654,4.4751287874269705
4.46,9.165825616756088,5.742365393236816,2.7231336695088957,2.042981216251517,4.059870099427985
4.47,8.995214401919515,5.828779612575877,2.587938672710717,1.7528522068202306,3.9350192367431567
4.48,9.538051687083165,5.879914554677331,2.8021821325430736,1.7121776067513121,5.383457848407628
4.49,10.057806170761967,5.797259587323172,2.864784132520508,1.7825214368983855,5.548157757778538
4.5,10.291449807445213,5.9814633695350015,2.796327611441345,1.774314331012726,5.54595170380017
4.51,10.858946508751213,5.98315772601937,2.5925058633123137,1.9761440098923804,6.068991645352363
4.52,10.49928799282124,5.827952575245549,2.6817497883038035,1.709257871144684,5.4348837402932295
4.53,9.436651395300185,6.0250138229622605,2.43945132180597,1.894574201677237,5.378512354349071
4.54,10.288190297347334,6.126648158329389,2.8985099513172266,1.9224170357097994,5.017209588923938
4.55,10.510545896906379,6.187336442759363,2.527505150837354,1.6673694470255382,5.2731048011683805
4.56,10.650171118329125,6.201598996945492,2.492018571056925,1.865950686049368,5.320887411476675
4.57,10.715155858007686,6.29175156087572,2.669507266285503,1.9218987888770547,5.906115690732053
4.58,10.199590700777595,6.393966717618129,2.9919248025056344,1.6387295145139256,5.238100750739024
4.59,9.266116591892349,6.078542657127919,2.452437823459963,1.847002552394,5.333791455886772
4.6,9.075175977621782,6.127084127356486,2.651630853593693,1.820815643254472,5.535835952169319
4.61,8.495781279155953,6.174695052407945,2.678564349974014,1.7315086333076612,6.426472809679309
4.62,8.56231315262086,6.293773526872047,2.767229811153756,1.6956991092236546,6.810588120938072
4.63,9.538239096207972,6.340072821829374,2.6158021106035756,1.9176640285345603,5.363621950751198
4.64,10.137708628575247,6.605854886698357,2.544860291854069,1.7105219102774127,5.04267599327802
4.65,10.064414980270046,6.616035060325768,2.630052669626992,1.9112528704513545,5.337874497743439
4.66,10.268345994731039,6.648736220611479,2.885021316441194,1.718969323565036,6.034043284627358
4.67,10.382587657553932,6.461612692054056,2.741190607142521,1.7699757223082493,5.572659916086446
4.68,9.553359677768613,6.446763628166716,2.559968622883399,2.0324141363995993,5.030880078561355
4.69,9.23817128085721,6.647315401379508,2.6495181080079675,1.7815656788497618,4.687867428521649
4.7,9.13590968565657,6.562504573727625,2.6643954591625816,1.9425397895949976,5.572045261946179
4.71,9.39711900427819,6.713925076183158,2.576734187329953,1.7055526783304291,5.116179819140355
4.72,8.619312297310524,6.585107412862601,2.3255567231272223,1.6302677825291536,5.450341704033782
4.73,9.103226797656161,6.494485848987954,2.629205873070771,1.693771528519821,5.4328886768993145
4.74,9.829566007381969,6.652793871809324,2.690101943176301,1.7261238123119593,5.6097125953827325
4.75,10.018611850282772,6.364022578546911,2.9555602045570835,1.6925997495631697,5.533937239904877
4.76,9.93248111468652,6.221784640809124,2.6006503260766745,1.8804292496228332,5.713560453688487
4.77,9.760105158685649,6.01047320542229,2.506112151078362,1.830819137850179,5.395501847456018
4.78,10.053715931449968,6.039557444239963,2.958684173569843,1.8651812159580428,5.409057980419896
4.79,8.984226552317931,5.920328316270502,2.2992519101626594,1.679862239872248,5.581829334471129
4.8,8.886294940239324,5.888963595416893,2.492298723625137,1.7870461255040726,5.392544073155676
4.81,8.917187007336244,5.814739632783646,2.6241617306046274,1.7292034648998014,5.099130131949776
4.82,8.496524840263357,5.760783145763954,2.7545116203484366,1.7362537046710265,5.39512194815739
4.83,8.912595037973508,5.691253360438821,2.460668516154585,1.6535909543462088,5.833445904263541
4.84,8.300734715381022,5.781624463661991,2.7498773469407083,1.785504349305827,6.554993683083685
4.85,7.916938716321665,5.721693473166905,2.674594707562078,1.8172438575529637,5.4831965504678335
4.86,7.8730493129552785,5.626101492218824,2.40887006886097,1.8945429033106977,5.128708729690617
4.87,7.836845962613349,5.715948761782456,2.569629906083602,1.8455211392661681,5.4072946658143355
4.88,8.12255740538576,5.73899492426758,2.6956517397008106,1.7159853263690708,6.172766866333384
4.89,8.317883875897888,5.815516335377746,2.6496357444288674,1.7896500203579504,5.4738963158348
4.9,8.592090172866731,5.958674680940034,2.6710514663512326,2.067532028118444,5.953731817475479
4.91,8.893604565261102,6.000864640635801,2.3499603341714033,1.8543882792117803,5.186334392280813
4.92,8.715852506452762,5.855513236767826,2.6132486392198717,1.9936579789338358,6.424920337373631
4.93,8.061775345357011,5.826322685927784,2.5059678302879904,1.6821497899020514,5.875392676321593
4.94,8.224267468687628,5.529820014046614,2.6695456483388376,1.7943676454046809,5.027431862852432
4.95,8.7755861007612,5.445830833439683,2.5779999211519535,1.5608338068682674,5.779477862124725
4.96,7.759863894225021,5.487970642865332,2.7147863979423588,1.6998432296376829,5.298506936177168
4.97,8.324046870541796,5.339138462579695,3.2179671551906637,1.9438307750194996,5.44304870521855
4.98,8.387777174667146,5.269909333174736,2.535438100921965,1.8983482819849762,5.4979159553585255
4.99,8.823126204190363,5.3618886001123345,2.5787502258036863,1.8008945554398732,5.612016188778236
5.0,8.645366841695669,5.186247498987458,2.543349918264309,1.8532100294607017,5.0449046188968865
5.01,8.356226052769662,5.174844947890109,2.8866780008216892,1.7674948736941718,5.778866632854374
5.02,8.47355845064369,5.018412329011961,2.640133142050683,1.6524673106888303,5.686766774660128
5.03,8.519774728745494,5.104433861282721,2.41383976731129,1.7929949596787742,5.021270299039747
5.04,8.727329690889889,5.017742172972909,2.794043546272642,1.741355353713686,5.141157880985619
5.05,8.744709446757673,5.199127176731025,2.4070658535351814,2.0415134739001877,4.9765572696176665
5.06,8.917214595098942,5.501278777785348,2.5483615834185924,1.8936729689677876,4.881404063772681
5.07,8.911054065015815,5.460321697505962,2.5798931209980305,1.739786989263672,5.521965261476277
5.08,9.020661546797731,5.441264116741332,2.5901171855080722,1.6200351946734528,5.37632273961634
5.09,9.357112749236002,5.665133131884228,2.3544122751804024,1.8423202917363501,5.6824542841260675
5.1,8.530965472174401,5.667036440687952,2.3705574986744296,1.8848719306460344,5.137128388572702
5.11,8.15480399901419,5.590688356770112,2.628724579039826,1.888772368439785,4.901086888613402
5.12,8.684755772816322,5.56020113885975,2.593469269424289,1.8032954309905365,5.5572516514153465
5.13,9.147616520378103,5.815651341549316,2.6697840462607108,1.8663127103079633,5.073777994050152
5.14,8.22279013885181,5.619359328948643,2.5057319782371974,1.9354426637440674,6.158143520111075
5.15,9.055673311822114,5.463834759836543,2.8742076856376992,1.8240228386622186,5.9867630092621305
5.16,9.391462632062504,5.571152161212629,2.682518533195165,1.772992761019096,5.5972922743779225
5.17,9.066756128247057,5.3773956775370895,2.6824504449149518,1.9941561418026479,5.218340522999619
5.18,9.044217872671991,5.321350333358166,2.680837623615358,1.9614370779558112,6.397515190740787
5.19,9.369066768747846,5.251889645982625,2.55864570500572,1.7870979602862747,5.062245539569069
5.2,9.184426585757803,5.258742022553159,2.4365955668036157,1.7557023008157489,5.053517474265729
5.21,9.015030960276624,5.080785857634671,2.9284350757609623,1.8865208546776404,5.627032053659004
5.22,9.596076657227233,5.086677775037398,2.79418927010957,1.9883270394310186,6.373723159502111
5.23,9.419999800773693,5.1944574509737285,2.9261478095939424,2.0851441376316644,6.095445511184886
5.24,9.62232178401562,5.385624054704951,2.714921586080598,2.614645420259086,6.258873591567731
5.25,10.045393459506952,5.479098624003079,2.5367948765464425,1.6705862956217843,6.812720939882552
5.26,9.330349777098126,5.496846724274098,2.6802368706473856,1.9640006952488727,6.541459482368833
5.27,9.27109580518491,5.600811586410528,2.7287220607804876,1.8492180262317461,6.0056050001964945
5.28,9.010583494816306,5.380232285570365,2.572313181029404,1.7318688977041077,5.974759706489928
5.29,9.421768540487147,5.551439012008524,2.662950457713877,1.820119159179119,6.326818673553524
5.3,8.794210859400174,5.623570564676369,2.6045922477504435,1.9518283812475514,6.176064768255494
5.31,9.768439321166762,5.827739705913641,2.5050896299552856,1.8291421819192548,5.352138553420146
5.32,9.421281025255599,5.789492256768081,2.871348228607835,2.2890657943319153,6.59049821876823
5.33,9.66264734970618,5.775528739137551,2.631026287748399,1.8585619901631991,6.056302493091945
5.34,9.777629602273363,5.7332232555053855,2.867731766662935,1.9524825603552158,6.552968216376866
5.35,9.94635304484909,5.927085577405338,2.5082936565130445,1.8345572413512727,6.530258357726121
5.36,9.09890007113104,5.8781397500724895,2.8859801087907377,1.7253784951802584,6.781412311648988
5.37,8.328099537042602,5.975110464408744,2.7612859574296618,2.1661517663203687,5.988817274675992
5.38,8.145974841351967,5.8524332919848145,2.9382915258362865,2.188915008870853,6.3836278437419
5.39,9.037572290042515,5.809255928262447,2.7335394954964727,1.92174841203592,6.052104581354919
5.4,8.763106476839013,5.64189009294675,2.5372725773429403,3.242973897230149,5.757223326641114
5.41,7.648501354589801,5.70173450369597,2.5558752702427756,1.8752082613556584,5.966930881065823
5.42,7.929590452632414,5.8457001893233524,2.5509150375691445,1.8269878571722495,6.665559009196025
5.43,7.167839755005142,5.954671542039145,2.5166618230313746,1.9808292518744834,6.210401280006382
5.44,8.371969376955885,5.938978813111701,2.6866719906006002,1.5971024560399532,5.790874194453305
5.45,7.958302356537394,5.86943597245646,2.914003116693321,1.8725692327583696,4.973093206301171
5.46,7.8201137135139955,5.677243220654093,2.5919847600483763,1.7410128651653909,4.818803619079616
5.47,7.418504202152745,5.608085131723864,2.9302271237058397,1.8599649933041313,5.624517935242524
5.48,7.217035431601462,5.675123365439807,2.7757222375054154,1.6573844218269473,6.933259836559371
5.49,6.915456518766071,5.938829727762654,2.531938181435918,1.703044597670447,5.586207753399286
5.5,7.686211853842419,5.9198952736939034,2.796927842834741,1.8470818865429945,5.728367835461474
5.51,7.850218612879198,5.973591228602926,2.4301095806088724,1.7070743172107277,5.531484726652369
5.52,8.488137473539638,6.1582952378065325,2.627903212190166,1.818344580533597,5.732616030856404
5.53,8.409081910834278,6.152747236862693,2.794472557344103,1.7282131129759537,5.756984879717321
5.54,7.967023351669271,6.062976263369965,2.6331270858630997,1.829405952138313,6.485384554011329
5.55,8.042433466628813,6.085147107546,2.818882148369561,1.6432074649977355,6.384003869057377
5.56,8.054918535730508,6.03016567206692,2.34853307567976,1.8884597343590979,6.202052373902276
5.57,8.656159812745619,5.842572509376797,2.4327125545203945,1.6731900532833615,5.888233650911084
5.58,8.628595613092687,5.885588562888254,2.3920634083272714,1.78778794214612,6.1983954199118685
5.59,8.833582294618493,5.933306060880418,2.413491765246483,1.7564707469215206,5.020943377782176
5.6,9.266247101513185,5.866065630059683,2.6316392350212467,1.5911814125264836,5.193441678548531
5.61,9.29577403885488,6.27346098485466,2.5505274036933665,1.8383004964743883,5.708458432829466
5.62,8.563388651921864,6.092217779472838,2.760644652204424,1.8528509796491452,4.724072772101671
5.63,8.521100562676112,6.376751316374436,2.6467521062820083,1.7694069930746434,5.383439758871011
5.64,8.466412001956336,6.382918331081078,2.40550114622662,1.7738224821686215,5.608324211053681
5.65,8.691673122417557,6.352557773243337,2.6774665778448776,1.903051819942402,4.2299673067749115
5.66,8.535721912336992,5.993798716147461,2.9108878246626895,1.8427201359053098,5.398752555541442
5.67,8.37194390985375,5.935946796238733,2.888099479479538,1.7437329615602748,5.184677518849046
5.68,8.763919035282706,5.89019631267666,2.6280929544293614,1.7529770403349587,5.18819287239814
5.69,9.25466114413838,5.807570753229134,2.5961684254034583,1.8302006538652906,4.953414157942924
5.7,8.82696613739676,5.801561005455421,2.573935978416208,1.6565599929906276,5.732791870410777
5.71,8.781848937276578,5.656215505771811,2.6442233343848516,1.8218069067239988,5.661363101421333
5.72,9.01999851748985,5.679899304281569,2.5300770911884793,2.0353048162913,5.590079489183325
5.73,8.22947418697939,5.657860158919401,2.807579304999973,1.795050595489301,5.98547522823576
5.74,8.222683367079899,5.868804601093553,2.7691833414641,1.9967990581335835,5.478888300718955
5.75,7.427262311654648,5.945669350360318,2.6052153455177534,1.8911753627738195,5.182109853520491
5.76,7.420769150967145,5.711023620927875,2.5460798159123295,1.9233338933702564,5.485783271204468
5.77,7.56127970400547,5.920128409724664,2.440341076015481,1.870756510885346,5.281169081479502
5.78,7.595471672049391,6.117392342537351,2.6776283713015903,1.9022809131387015,4.559181995715473
5.79,7.364566200325254,5.955264131052105,2.862550426743526,2.0673862189619445,4.025424630218556
5.8,6.33262457102939,6.153286511861436,2.6390901347377738,1.7903974954462472,5.84070493226354
5.81,7.555108408539003,6.340245205426978,2.669446454583622,1.9574836246957403,6.144641528235584
5.82,7.898351958149794,6.401025716027233,2.5179872720021046,1.8970866782912505,6.0025533474647075
5.83,7.662204886216297,6.318519346390115,2.828428421009082,1.7074709389105798,5.22516828583476
5.84,7.607096058669495,6.351468916780269,2.4675977651257237,1.8831957715326215,5.472251301045853
5.85,7.094905326714618,6.137179934899767,2.6589351737719804,1.9222430721793526,5.2461172735528985
5.86,7.5057175682629405,6.219709071845082,2.7531928387314264,1.8978244423427173,5.615496785276979
5.87,7.7244464007801295,6.114862087547326,2.636604845266275,1.81867686430064,5.75887900050725
5.88,7.354500533389863,6.048342774217435,2.6199581443220965,1.7005114340610876,6.515685088174426
5.89,7.290964687212971,6.285159973089545,2.6429768039539696,1.7569022690536384,4.710599290990852
5.9,7.401569302662801,6.321993662407399,2.8858787867831253,1.8989563274469752,6.134234563171815
5.91,7.515813067840889,6.279869571772076,2.814264403864907,1.6755106331189302,5.513181811065175
5.92,8.300041163301726,6.341308215900509,2.7871816799510185,1.7808411229785757,7.1381352522921535
5.93,7.990115430970509,6.409575185728461,2.6886700163961454,1.7224288656313038,5.837924179227985
5.94,8.52710798614808,6.230515316951345,2.4390818231221876,1.9503893977662556,6.647723159418074
5.95,7.822494136948348,6.356138021116146,2.68235009034919,1.910704850923803,6.310060868841424
5.96,7.879166791249343,6.463773259694343,2.544971294537184,1.7198443081947898,5.173033711009075
5.97,8.890306971170858,6.680911813337919,2.9281516432790933,1.9149987963446877,6.78331073127362
5.98,8.45263240516752,6.626444623024769,2.7517669949756076,1.8779276011909818,6.4538848929034085
5.99,8.175970429847464,6.423729737465032,2.4931309066472265,2.4556882136266562,6.369269955122853
6.0,8.420876718712513,6.315475729119095,2.8080136072449826,2.008057105843728,6.709074676375081
6.01,8.918320284021044,6.219134060561188,2.7107772568972974,1.9741484196828947,6.340087648401224
6.02,9.026293401324113,6.318708922053012,2.877945437304834,1.7755230450889954,6.459401298647001
6.03,8.756983255858549,6.3141654009076476,2.5572074152369515,1.938642592799171,6.591563941368807
6.04,8.848555345272779,6.442863969396757,2.797440700460216,1.8222030761087487,5.930965389719792
6.05,9.476179125909669,6.364490601027712,2.814394477039073,1.7968776614608213,6.195277087262788
6.06,9.455191632680478,6.450628556632496,2.5670806530203794,2.3869771787512364,6.983931334947977
6.07,9.643240328426977,6.506414094744702,2.5636049710317783,2.7664292832190087,5.72634160593786
6.08,9.215171932731337,6.5248719575674015,2.468947352251374,2.5329379665913163,5.324075651578961
6.09,8.414360627956992,6.5463004386233345,2.934580100776912,2.3001267905632274,6.630440140737543
6.1,8.51442600167417,6.513987211240364,2.684481107524237,2.5829381854415363,6.198448590172324
6.11,8.226640058945835,6.213180353716798,2.7039824652947964,3.2307934776051397,6.549957015740825
6.12,9.018558151522324,6.1629302310076435,2.802932573054776,2.2770844082937742,6.562250593331958
6.13,9.78900917619526,6.098248804087403,3.1525025911318134,2.515855203888222,5.258140179601679
6.14,9.580242228454791,6.079277637908026,2.980535130684043,2.8992907892969577,5.025158934553409
6.15,9.570408322105969,6.25008359004099,2.718911115760974,2.128011591722275,4.9928033177638245
6.16,9.940717193257713,6.363302834553862,2.7442172593425145,2.6199312901232066,5.633565545509297
6.17,10.60085662857864,6.244992865773462,2.573124939826912,2.3082223594661717,5.196712056975331
6.18,11.091347136236283,6.398059950993504,2.696983493645524,3.443415697005832,5.084004155865876
6.19,11.242600063002088,6.263091187699762,2.6331694006415396,2.7333415988945657,5.740081151284949
6.2,11.342625833671509,6.215477907181947,2.6741843628629103,2.9042527480431475,5.627150828760322
6.21,11.12331773401657,6.477717338947293,2.6228797077576247,3.848077279216597,5.338819710659223
6.22,11.148022050119936,6.485519092497155,2.595954807500515,2.2000155965361836,5.103236593618079
6.23,11.145973998873993,6.438655197313261,2.747400752060482,1.9666622017229722,5.308676003639948
6.24,9.844852332303429,6.60530415963032,2.605604811928448,1.7389435052207263,5.225179433006198
6.25,10.739805031699184,6.585611957866554,2.7266872388638688,1.7921439504570766,6.431644242146129
6.26,10.569321315647423,6.547932387458961,2.7403447932919085,1.8953384062963605,5.817479543061769
6.27,11.710678122205218,6.715778658473724,2.3404074365026015,1.6439573346403074,5.32980213343889
6.28,10.999343207402395,6.910185533737474,2.607034182373643,1.7083655764248113,5.263058604894188
6.29,11.986673118818896,6.983548958595988,2.905967873574979,1.8234722055531458,6.7446379703110315
6.3,11.808156238906673,7.0282981728762515,2.720845858148592,1.8006962135188713,6.03194096785316
6.31,11.856034761661334,7.411078278684085,2.5203213115821628,1.8056780813133717,7.2734007362470585
6.32,12.027666287857826,7.415218929179834,2.6453320321646028,1.8540227728793632,7.668631868424366
6.33,12.07623277744407,7.470122296710428,2.698592558401391,1.6545792549884397,6.7825554511794985
6.34,12.611923072943494,7.258877661119306,2.745756746459031,1.8219343692644716,7.747106093964284
6.35,13.001965243932494,7.2323440322169725,2.916780363224798,1.8265791322260785,7.599509350736451
6.36,13.203665867218069,7.321162256171903,2.4984564486690557,1.8763837592401087,7.154303431414611
6.37,12.743411039609041,7.233410951894573,2.84054086123129,1.8173371554902327,6.325684114553614
6.38,12.814178273563492,7.402355014481603,3.025136063474515,1.974450501467644,7.198385636581005
6.39,12.926728368690254,7.172116810945752,2.9417256302732215,1.8107158045604488,7.1847994092128165
6.4,12.295389960799671,7.397815639987661,2.3789674692765916,1.9943380504273176,5.859943435564863
6.41,12.812844061199812,7.5149485896776875,2.9665496515517353,1.786453213074226,5.869785911166946
6.42,11.960137915632343,7.406155723446044,3.0671973378094575,1.9570591830292734,5.133254753542355
6.43,11.2334736828087,7.349628140231278,2.3650655101169242,1.7150438059339168,5.654833204832416
6.44,11.945087989695896,7.515609791045232,2.433682826689935,1.7999675279676817,5.210596968349568
6.45,11.711140332601127,7.428484843289495,2.9945513702319655,1.8623490050010463,5.031805122444129
6.46,11.405849304130225,7.3412112711917965,2.579679139413416,2.1931660679858758,6.0642093140344615
6.47,11.484529850516056,7.538944424731487,2.731562711099025,1.7431904173522141,5.561608585331021
6.48,11.062294450740275,7.378256498633686,2.7951228191468407,2.036906110079021,5.323610886829016
6.49,10.950899469692981,7.335356449801806,2.7382476794815207,1.9764825929417023,5.253182513554328
6.5,10.891046142336776,7.196531837187083,2.685182973030881,1.7780968937196453,5.733796153358859
6.51,11.972115106791408,7.301724180848958,3.092244231548795,1.7967981293035407,5.891433091983412
6.52,11.644854359178217,7.214509578661186,2.684151190046082,1.7584164706688796,5.309539560078891
6.53,11.372567791884663,7.29771827770047,2.7281907802077985,1.7291063971526883,5.267115611983075
6.54,12.355099821237665,7.2038761777137506,2.6283875214577,1.930997552750814,6.856656707565485
6.55,11.954470026576159,7.174579175052094,2.502604151443435,1.8872052818287688,6.449448029377813
6.56,12.09710443502922,7.1510378777566945,2.7168650769394946,1.6525516544197993,6.527475026127636
6.57,10.949071284677016,7.246766367192562,2.701791652597285,1.7163486734736784,5.978882189377553
6.58,10.79920813176943,7.07981348649594,2.5336617684151146,1.8975939032744742,6.008368683968651
6.59,12.099739354809392,7.128499790308445,2.5002778387475506,1.8494696315908261,6.829809809665726
6.6,11.86803611353471,7.316100683409228,2.334876399112172,2.223117815289148,7.088779059430063
6.61,11.703750224306097,7.289628169208062,2.5750690008466117,1.8576975545364078,6.609550872871764
6.62,11.447283154929387,7.365656550891674,2.5302322308729948,1.7333168663032048,7.234750917667621
6.63,12.151865296619219,7.518884398253891,2.5158048127000425,1.920548573806464,7.378145583244829
6.64,12.633615735821111,7.580950565220649,3.0702995010939302,1.7467991042682889,7.232140057338678
6.65,11.77810668191082,7.69368862789015,2.723740570034264,1.7265286510916231,5.639087039778128
6.66,11.558513086190839,7.716018067519779,2.6602214451783914,1.8622738194741144,5.776847183150551
6.67,11.211469149594924,7.6478303363711,2.7148497764584087,1.8685727558263563,5.475161700590815
6.68,11.766511028334099,7.492329650470299,2.680661286912331,1.6462418105924697,6.12400474962399
6.69,11.213335152734667,7.45343109860955,2.6347758728463577,1.803176568102471,5.183054348279516
6.7,11.014461593149377,7.655885518793253,2.698131924669746,2.050469283803129,5.338800836910486
6.71,11.494128391566026,7.814124486436985,2.9127190892553596,1.7418181127918282,7.080414247287962
6.72,11.689551654033904,7.879515608911026,2.945168356602472,1.6068255726069953,6.822549193129622
6.73,11.177219052003544,7.604785324981634,2.7432719813746913,1.7695879687348657,6.772878000688178
6.74,11.002878341770362,7.501311338026335,2.827128972082795,1.8795542579235673,6.941085642074618
6.75,10.331129540476443,7.548253440142312,2.5022366413370394,1.7208035976588714,6.377959940189914
6.76,10.392987788164463,7.752631293096049,2.6157020107286044,1.8583650434363932,6.915617805525518
6.77,10.493185141714244,7.944742106159595,2.4814451073949786,1.7543329545422421,6.50872407922806
6.78,11.751715281546844,8.076948231954233,2.8643526121625205,1.6930910998536541,7.697693171697162
6.79,12.702052095867954,8.164454766578206,2.8513428418802853,1.7398110496746644,7.397019881652066
6.8,12.307217080186378,8.23164930991716,2.881565824382438,1.692252844827736,6.997686186559591
6.81,13.228895926575195,8.28993960642417,2.985859753658145,1.720685829790909,8.162523340508688
6.82,13.200395546616027,8.31726624706634,3.1435266520570804,1.7713937399961877,8.178868132218879
6.83,13.555572639967785,8.113107287575984,3.3695552653334357,1.6355264972084127,8.306271093923698
6.84,13.560678341799786,8.16235615341338,2.8100077628136346,1.7129166729386092,8.153547633715654
6.85,13.315201040775628,8.132608656613323,2.5867814531923248,1.744734651421136,7.148327030592524
6.86,12.779773895743064,8.144413691150765,2.7516105367333985,1.7681434187264664,7.496286814939954
6.87,12.189143346019327,8.119342744975135,2.8449623536934174,1.6454641515416786,6.952262930764003
6.88,11.128814624427445,8.040450938519857,2.7239580659334846,2.055086807868918,7.309328679956157
6.89,11.264046879305837,7.938157087084991,2.4344397143724312,1.7780350031554653,6.491821301720123
6.9,11.132621993634169,8.302441714684157,2.627253881236786,1.5878973107318903,6.338241917627422
6.91,10.374048226774246,8.341261922052894,2.4692383814129397,1.7475082016991974,6.7113503621057
6.92,11.098826459329524,8.47128246933958,2.9093208774600505,1.9055452413094736,7.503404568465442
6.93,11.014614036809746,8.326241611240569,2.8272859906183068,1.754281349037177,7.443667864220247
6.94,11.37617673637091,8.37482285875775,2.827731387828004,1.7847533151882304,6.806710480709587
6.95,11.583233267568957,8.538795502768112,3.202499049870222,1.6262243085409565,7.415439569217762
6.96,11.297695805770772,8.681225354122812,2.727344601580474,1.8000076986595743,7.317844199296001
6.97,11.822549284167492,8.49001646149646,2.8680341854746985,1.8341281570614898,8.361040135843854
6.98,10.954228083631905,8.521218653591148,2.637702587568842,1.594126107392206,7.260698174686123
6.99,10.892471949205287,8.507041171015459,2.764260572847239,1.7616016049764687,8.476990306995896
7.0,10.736978820876661,8.496140779592336,2.608189436234961,1.6896947993744473,6.839653083296432
7.01,10.62031056707333,8.328394161089879,2.4873600002454364,1.6752476073714615,6.710850058023251
7.02,10.502602693321391,8.159176929694636,2.477226160042505,1.748579907886157,6.503643125136478
7.03,10.784190843136848,8.306953709101787,2.8585032146072296,1.862884104046763,7.692176590140059
7.04,11.469762309106413,8.421558272920091,2.874921861320852,1.6411741624281313,7.656615659032186
7.05,12.102878256306376,8.587126622754578,2.9506659658813335,1.67887240818624,7.593477250328387
7.06,11.734207603188342,8.617823724092265,2.4180049825459276,1.7941128670302695,6.763435518348396
7.07,11.207659541825867,8.6248150934228,2.7288242611267153,1.6130989718378241,7.564419317479752
7.08,10.748000373979242,8.448267941190714,2.8567806990575804,1.736060665285204,7.415529133687137
7.09,11.015917227839928,8.609909579614637,2.840581847479573,1.8099930944415434,7.777049602296512
7.1,10.821743054747095,8.552430535514649,2.8324232276695898,1.6401302053958127,8.730532435001525
7.11,11.329649358849295,8.460931316963114,2.881966484091639,1.8933977228376426,8.912448420559823
7.12,11.524663285580635,8.615856534104983,3.3739679008189594,1.6675589702435123,9.685076322582812
7.13,11.239187362026334,8.592565088250149,3.242579376612121,1.652670494659961,8.262378742483735
7.14,11.239310878844828,8.547933434440266,3.4510835993462554,1.6617886215669455,8.786452130922758
7.15,11.13927431520787,8.58080926489436,2.9493149319177108,1.823703456116914,7.755657661017538
7.16,11.596899224428387,8.453321176051372,3.010118067816813,1.8108883341802307,8.296369278263429
7.17,11.74513505314845,8.554950509109757,3.3552583615952623,1.756949921451468,8.276922595813058
7.18,11.904133687795547,8.523977188440012,3.02443587294234,1.7923623234506156,7.55258972331832
7.19,11.383519371141809,8.551642193978852,2.7482030858688002,1.7118384592632898,6.715906046747105
7.2,11.974169240055886,8.564774318051153,2.7158369801297133,1.8606782714622432,7.534640983539365
7.21,12.642440721048397,8.693067883789894,2.964931879636821,2.0067567806316293,5.874503838890907
7.22,13.683732974905178,8.633786184117334,2.970050065452575,1.7814472532102235,6.542257365278017
7.23,13.880744756965191,8.762603883171616,3.2534264971549827,1.7151117229354287,5.861648060313101
7.24,14.876804886455517,8.893748314184332,3.192273795460067,1.737538346278042,8.15323835875777
7.25,14.499530536914522,8.831826429581437,3.2255688133738323,1.6759996792653284,7.263252154447931
7.26,13.7097492132631,8.863805428049885,2.8991139722971755,1.7277894796734596,7.468769883169098
7.27,13.769687388861506,9.038150505912467,3.0088274223604357,1.787682796349895,7.190056235817451
7.28,13.174205696157983,8.952617826545561,3.1451298851188088,1.6824178769725735,6.607880443193727
7.29,13.300723334881775,9.115776907591313,3.338955082414121,1.78177981638775,7.288541897395108
7.3,13.632949450609653,9.25899829831838,3.0824267798090688,2.3059443165589144,8.132701669039868
7.31,13.78619028977874,9.398137069708048,3.3665953024188267,1.7388646424980123,6.954154072905921
7.32,12.473550976485162,9.428958047527589,3.4191942915908595,1.6556528275694586,6.469753073733034
7.33,12.56833079089086,9.589968632071264,3.2606553298671694,2.1019714152551234,6.868436325541441
7.34,11.984552103525496,9.6396130875964,2.773355102875372,2.944558139474198,6.717286290805113
7.35,11.62893592852263,9.609322802006185,2.7711839227577792,1.915505624079086,5.718100224912773
7.36,11.508192658636966,9.590561127123786,3.0062926783202752,2.5816439509733926,6.316781991306926
7.37,11.24844967209396,9.517024177520684,3.09370967578686,1.9080842168655303,5.773491580744074
7.38,11.049685748667589,9.43487158722437,3.1246509933077684,1.7267983019062136,5.219131392327532
7.39,11.633726126793178,9.248396611636206,2.434607053714964,1.7717415746448975,6.235245896262627
7.4,11.744831541379977,9.097671418855226,3.345569841027579,1.7228913458751378,5.743979379294727
7.41,11.393435656922962,9.176841920496068,3.0204652228852487,1.9447560331136873,5.0609177083464685
7.42,11.892933686904955,9.342618416362358,2.5778607426703313,1.8198575896175153,7.193815169447189
7.43,11.486850077399284,9.297437892169484,2.5853194495471636,2.7838492889256767,7.224064934387161
7.44,10.750576031239747,9.203744195048325,2.451145105878007,2.143796805922266,6.796037051753516
7.45,11.274778347247132,9.193471135979111,2.4023784316276426,2.0315341511507037,5.567284703050555
7.46,11.003481719695177,9.324231291671557,2.469821837641835,1.6350023151998694,6.825249425797456
7.47,11.772134333838878,9.174146430790316,2.546701630468169,1.9488259589701942,5.999286381575099
7.48,11.529374156669336,9.111506776244848,2.4624264452785414,1.9211138255900397,6.195442461894679
7.49,12.217991690005208,9.02593944011243,2.6487935674540735,1.7362771241342332,7.160403502185843
7.5,11.937721926635183,8.985728140479669,2.7710073404534215,1.9380053149875973,7.893238399209979
7.51,12.415882294396278,8.965103873245168,2.9279086118082684,1.7601196459858544,7.669788330982829
7.52,12.00682802616263,8.861742899170636,2.6559608544310587,1.8111441985108578,7.2350460820818325
7.53,12.234650875056376,8.852988534792415,2.606012473094072,1.7394912712925736,7.294403057679506
7.54,11.89839364932093,8.752432242594528,3.1567325919584803,1.8090372858387063,7.597047024577081
7.55,12.109247579469121,8.814601799316737,2.8109660706430946,1.736793811041231,7.592610559110296
7.56,11.90230298230091,8.732677507997941,2.5532584852052134,1.912838834609347,6.768983438861449
7.57,12.633782592438912,8.832351211993968,2.417914845995225,1.6897023071178077,6.56458725790986
7.58,12.707125153575955,8.67112797561691,2.8336295700558023,1.8364303690457513,6.779428610918315
7.59,13.186817294749096,8.633113370562405,2.284427712440526,1.73240984575752,5.880833775455499
7.6,11.887886857016683,8.820139724676027,2.5376230888364035,1.8456113401488006,5.703234302522685
7.61,12.36865202669063,8.92627524881162,2.5378113780234495,1.7050327012187791,6.223725650059373
7.62,12.110460221938043,8.911826243412166,2.84726391417829,1.844979127207206,6.184888350980569
7.63,11.996485343399357,8.917921716111811,2.5538453564271353,2.22900784028202,5.178700549627172
7.64,12.241676425716882,8.678889682237482,2.4023063373488833,2.6296041697911083,5.70066354430542
7.65,12.718409843542066,8.700517273009439,2.7073551248434518,1.933702214491362,6.019683635731663
7.66,12.279566455898824,8.824960276908579,2.513049101681716,1.7161610993445569,5.56694663537704
7.67,11.624557994804054,8.564506450303863,2.532718356623777,2.121036059663185,4.7616180287197425
7.68,11.351628128766837,8.301201392446949,2.4303137919228126,2.328408112664116,5.736395643558162
7.69,11.265721004352711,8.366927035662997,2.3554860161699667,1.8743214308980884,5.098352189687056
7.7,10.869318239939865,8.280958898086153,2.844140530441248,1.9533768804675986,5.385799340133753
7.71,11.341844271324666,8.556607006696536,2.772361978128188,1.6435262756307163,5.234137694040526
7.72,11.354563723172394,8.5496085064173,2.5592053533798533,1.8897645836940666,5.753136212633755
7.73,10.921765587761366,8.66148336125453,2.6024633549926137,1.9833309498154208,4.8530302034010315
7.74,11.337050775811006,8.953747746682371,2.6452584739838576,1.947271584840703,5.178508226226282
7.75,11.231439111804777,8.951382053311272,2.53304498034945,1.8274557667025708,5.30967478355377
7.76,11.83074736731135,8.858839677965454,2.5037805277822667,1.764162087392829,5.896388900965213
7.77,11.14169859063466,8.825552411168761,2.2761339790321924,2.474648434299513,6.1132637038426365
7.78,10.836175908590306,8.903175385778063,2.5882024542885835,2.7572838376519293,5.7533140341262285
7.79,10.553345296730283,9.029833120906256,2.7441981112562064,1.7459889889709854,6.9477762772118785
7.8,10.638875221070537,8.83406054693249,2.4880579514501866,1.700049913528282,5.53132067964568
7.81,11.195690381913087,8.903711433746455,2.8634030682499167,1.660832371951758,5.368188873668276
7.82,11.656579617778538,9.068344308703855,2.861488625447928,1.854960868785136,5.067191548759454
7.83,11.731739894619118,9.15775725605014,2.7777942765572776,1.765182569849827,5.499951720567229
7.84,11.293873871038636,9.1878553832106,2.851689526978759,1.761764347122183,5.281692530302965
7.85,11.320174650426473,9.11034222967975,2.5567754239395035,1.603778878728573,5.6522353609553635
7.86,11.73516729641579,8.978787628215665,2.6701374651949425,2.021486835536548,5.606085296515106
7.87,11.419828050990269,9.03811123126779,2.6433747817303437,1.777324034182694,5.686895029756127
7.88,11.416945511034683,9.153600939881407,2.627140652952281,1.9558461639354439,5.6941762309376776
7.89,11.455691004265011,9.029789739191733,2.3906797747779716,1.8072945347385747,5.1977582394838215
7.9,11.31973447973073,8.981325377433997,2.8114982431653672,2.060278595681187,5.612135114127144
7.91,10.948358297688443,9.126830973227518,2.552248006490215,1.9344540419858782,4.830623665553892
7.92,12.050238422850407,8.947437397561705,2.6354890953278187,1.7534171592424677,6.401286980190552
7.93,11.226816527146024,9.132520856286746,2.759727866375084,2.057856850117003,6.1374329678807955
7.94,10.937616506313539,9.103638510377285,2.733544114119087,1.7646133380904,5.1481820030272605
7.95,11.034401560498049,9.218923700663487,2.937842263137738,1.8376324270206965,6.164087029080606
7.96,11.459114390848717,9.33666583056111,2.8449378778532974,1.7483717268171455,5.984246574434472
7.97,11.403202507551578,9.443042839481823,2.6095084026499094,1.8380014737053085,5.78227896733426
7.98,11.32279885593587,9.113867540421,2.337172446401589,1.7371849271853121,5.764167979571745
7.99,11.493910474800359,9.196811781483717,2.471373053678099,1.6849504103092552,5.613725976511721
8.0,11.557573412359721,9.124104394613715,2.889239179518815,1.8640138032911366,4.96553033180749
8.01,12.094444801309407,9.074655146412509,2.585200008486483,1.6860563235478125,5.612460571471514
8.02,11.905767722203187,9.042838101262513,2.755603913182315,1.6910239433416858,5.402759165710918
8.03,11.183746400818789,9.00215852662823,2.7182392402011932,1.7723188621584447,5.659637418021723
8.04,11.631441696406913,8.981070548126135,2.7469709357232692,1.8584860243606844,6.5568837589612405
8.05,11.321632889012866,8.971126902524947,2.279898867987457,1.752814320650761,5.305368837885652
8.06,10.913496770134524,8.991311310513515,2.845559860905179,1.8245504439169244,5.329691076220341
8.07,10.611792199582789,8.913045712568783,2.4459518795937054,1.7476995811075908,4.961769510875618
8.08,11.169814506807347,8.768634094799193,2.382553945925571,1.8330719567910925,4.769965386763162
8.09,11.600042506985249,8.999838589018571,2.449803005923311,1.931136955529856,5.1500519082195
8.1,11.552153475661754,8.954200343685283,2.584733648597026,1.7453059389535748,4.794387893621669
8.11,10.915202193750163,8.997892233785983,2.506110754139208,1.9730691064775536,4.99086605061292
8.12,11.560580909895577,9.10600298581255,2.6903033238443914,1.8781150228583299,4.9051580873992995
8.13,11.437668402547017,9.061393141411417,2.518318980549738,1.7244261588977854,5.253611635304294
8.14,11.11500456333418,9.235783308757677,3.0521765068969304,1.8837038245245907,5.817353927430652
8.15,11.549463647579225,9.20676436969975,2.7377945960542514,1.7088712903759575,5.827600052097664
8.16,10.965657890935528,8.882803230603152,2.854998090342595,1.6876371975737268,5.716808300813475
8.17,10.72852934131839,8.742956090608773,2.4445147487167875,1.7249706816421344,5.568804612154668
8.18,10.522716677650466,8.578734302112272,2.5732285738387586,1.6614422632914039,5.984511985569645
8.19,9.896691905455043,8.528675378017983,2.5193972041028405,1.9431205659559803,4.9491982108376185
8.2,10.028230527033179,8.552060672868238,2.6952720550174756,1.7622262259313297,5.367936811988316
8.21,9.452453202019957,8.676269413890575,2.659493701669765,1.8850562808727165,4.921388608943602
8.22,9.691043819786378,8.812409104896807,2.3528981463880063,1.7940426105281093,5.3477804478104085
8.23,9.944192697082203,8.792181770654576,2.671627024920697,1.979953273911908,5.396916091681242
8.24,10.498244732842023,8.781021736715424,2.4490535085485585,1.944718366090894,5.281859493633817
8.25,10.638302840552914,8.718691570946277,2.4037992022384893,1.8966412941299993,5.000461544797697
8.26,10.972801086148495,8.660801747263005,2.7398523831084307,1.7664062573717416,5.56570307303137
8.27,10.407296338886006,8.768891134869536,2.7010597511232355,1.7561259299492862,5.188738912898172
8.28,11.210124997079852,8.656061949573454,2.402636360278444,1.8692684101915,5.356279905845562
8.29,11.320923961183281,8.623465597338306,2.5944860023508,1.876817086319,5.993903735363294
8.3,10.701846698142672,8.697581025156119,2.4220556442844274,1.8776421266667578,4.752972882185571
8.31,10.575493988320622,8.588910964606834,2.6737634708303277,1.902121858675302,5.595477592078891
8.32,10.134261592380419,8.37898850445884,2.748461067931453,1.9822091660660734,5.1799544611071795
8.33,10.611118910990387,8.719919731854077,2.7483903553170412,1.8718109879723155,5.341630161429061
8.34,9.506928193490587,8.763983214825833,2.1053649507879304,1.8318786063812604,5.092701706264404
8.35,9.424690536383387,8.531788430954114,2.7765191375197658,1.782354101148581,5.01209122122029
8.36,9.07220538360036,8.490704661284243,2.379155972947423,1.8549424410420343,5.468112527018403
8.37,8.554117665505506,8.60045583450145,2.6157155945121673,1.7947882829567412,5.395402520054055
8.38,8.739856334047508,8.866601752001426,2.7050528188561973,1.8341525037890452,5.347514129892446
8.39,9.208772482727282,9.075372065233362,2.5335945127921016,1.9322733264297078,5.562872423244515
8.4,8.843755388227443,9.102933269496035,2.7694727929197875,1.9025900898395112,5.39635378993912
8.41,9.324288316111872,9.117905387665413,3.13301556618044,1.7659156808158807,5.180753642428503
8.42,9.358659794469224,9.25313941266927,2.8068436079129477,1.824961495109133,5.415243664195811
8.43,9.739706573306048,9.170674777091769,2.3128175660150285,1.9282373708056426,5.35849734147802
8.44,10.020182823150128,9.047229790208666,2.4538017792978777,1.83936388892122,5.606128561448899
8.45,9.995200735206963,9.025923749044725,2.6023964665401973,1.6876662837226628,5.282244355016085
8.46,9.397593942063958,9.089596518542077,2.4477884851252876,1.7789081375799927,6.059021025444253
8.47,9.846581412685751,9.107347160896646,2.5336264322971296,1.8885257079267792,5.65237468451681
8.48,9.940746696356767,9.34922032318656,2.418572493234068,1.8289786545019677,4.884092828703561
8.49,10.2190299975799,9.631660954264996,2.515282198324166,1.696480257219724,5.5237864383933735
8.5,10.220608013869992,9.521769139992518,2.492049891978217,1.805550996487133,5.337750349998438
8.51,10.050739815219286,9.517192789129567,2.904741100594645,1.953588484209389,5.7492669915106305
8.52,9.628102060319431,9.372165929839328,2.757858029514068,1.6836755164143027,5.485642680982241
8.53,9.792019421176718,9.490568474218144,2.6694602036664765,1.8768307540784765,5.7165761001336275
8.54,11.344321145878059,9.569587525203787,3.030831806387917,3.041106400339002,5.973946267160442
8.55,10.48319338559129,9.602792823238062,2.6349336423680167,1.9134017393411384,5.77826191324903
8.56,11.858024199389881,9.603615462563667,2.6768162401321876,2.3908962412914803,6.69647149733375
8.57,11.477736667205475,9.66590908090888,2.8773340486120587,1.8512158988140552,6.372334524290418
8.58,11.51913036085099,9.632098705575427,2.418138820917521,1.6359819584620507,6.229156484163154
8.59,11.679228516916107,9.690215583734116,2.835806558776511,1.9654943156591782,6.060358086332887
8.6,11.499626039845902,9.541708589646742,2.634846782831992,2.0833563333502685,5.612129638086614
8.61,12.4614362171407,9.382114560101662,2.6936099727605494,2.7369061754356094,5.894130706673541
8.62,12.378531034420442,9.471275997903376,2.632960726440431,2.0366590402752376,5.9898946587877955
8.63,12.69785353409958,9.847714038703874,2.9572090827596202,1.770082148141119,5.603445985534949
8.64,13.509376180328749,9.75443524775585,2.3578466509334723,1.7806304679439804,6.320048811823706
8.65,13.407023507535671,9.60237288721377,2.8200362647312076,2.112005278570931,5.658524277762863
8.66,13.064973164751441,9.477496285281592,2.6321139428857974,1.8744972712228345,6.381260359937072
8.67,12.16413608404162,9.234997451916119,2.5825925358245474,1.9454292175718533,6.608150763897206
8.68,11.909787125080868,9.024089743161321,2.597392529369377,2.2238153027394514,6.584585394432758
8.69,12.224682130013933,8.857777849600952,2.618181999670352,3.9748275847911265,6.004607384132196
8.7,11.66574229580304,8.77068211538987,2.475750592618931,2.290857221025949,6.5028147101606955
8.71,11.770931246826526,8.900589197390568,2.3351781611642637,2.7382743387520727,6.121002398685714
8.72,11.64685520493594,8.87500680971651,2.64398038581881,3.5545783941551257,6.3688011801672815
8.73,11.77090861131802,8.855209628952032,2.433231517435299,3.729709682723316,6.1702180710999945
8.74,11.904548140354686,8.832504089812911,2.5601517261750075,4.665342060980079,5.904464479904063
8.75,11.513129237054116,8.857318517905862,2.6500357848534466,4.845731266222544,6.721085863324729
8.76,12.376065310146473,8.772231566591202,2.667953612385149,4.413567926025037,6.303492743562745
8.77,12.717547607269427,8.932481036930557,2.6170261959600594,5.2036985158210785,5.844184251763938
8.78,11.662034330386625,8.947694572556127,2.4836862427589743,6.09449830664405,5.221308641813313
8.79,11.110414270810676,8.920975626566129,2.743719963376506,6.090290858353932,4.233038398433159
8.8,10.868325372893993,8.819727546932986,2.6691345343876858,5.240058022629081,4.154277770270656
8.81,10.640574705530993,8.818504254395354,3.1058821599656525,6.097028088782122,4.317544543965252
8.82,10.630486022745416,8.925326181482548,2.4992629810594136,5.5138054283470215,4.478767177987265
8.83,11.289950925613782,8.835772168308715,2.792700776547715,5.623320908767409,3.5637811268193507
8.84,11.497772290171525,8.929506561774023,2.711284242305609,5.194479520228008,3.7259551123033035
8.85,11.109171935400457,8.798102737673805,2.6341474067983004,4.516790166029752,2.161046913755358
8.86,10.2987429237668,8.686624686348855,2.5375192267816127,4.012664252311365,3.3966775009960744
8.87,10.128788913336846,8.816314576480032,2.758740638769735,4.721518227665697,2.769216336243031
8.88,10.313039169561353,8.757277760985733,2.8128790068671883,5.3695115648350304,2.905125072329439
8.89,10.088794568630831,8.802206527285204,2.7766397284956783,5.794103411436267,3.7838985848948417
8.9,10.118379957090351,8.779818338691802,3.006491833898177,5.5210956190550915,3.5659941002642928
8.91,9.941132416413128,8.78251645895094,2.6455357099353285,4.811666692067815,5.236353322031079
8.92,9.4715127935497,8.615308336791218,2.5717329501086312,5.951136275824733,4.202365483971234
8.93,10.10277609989776,8.685919623732008,2.7212451459971714,3.7074466703227076,5.44166133897133
8.94,9.300447489479422,8.691313272842956,2.4264943736700677,3.6651036891010995,5.279385705556435
8.95,9.652494307975209,8.637344258783248,2.5651235713282667,3.6446581862558154,5.465674156963191
8.96,10.52658889814189,8.85003739684674,2.779525777741524,3.6060135461329783,5.054736568018216
8.97,10.543827586711743,8.790462239689742,2.5680338818529225,3.271017367178237,5.192042006522402
8.98,10.622103182189523,8.78128071596363,2.5203313412996566,1.7425580995969157,5.157538928711385
8.99,10.626674257938195,8.683460303339883,2.3850958166006513,1.9318102594368558,5.837202524870493
9.0,10.666881447055442,8.836783450479269,2.4909543887882513,1.8810968979477207,5.81879185316192
9.01,10.961678973348707,8.907118071311526,2.6335147143902025,1.874590689733895,6.124720786384763
9.02,10.595742125367963,8.868200907128958,2.685046204433574,1.848727150290027,5.6803245225920485
9.03,10.469936811916586,9.007446198197956,2.412213921818848,1.7377493361117238,5.641737168187702
9.04,10.75510413482353,8.854343673391515,2.692192371035922,1.981849801806769,5.5920051212316535
9.05,10.819455165145241,8.846340023959367,2.6530525838455974,1.6766439170031866,5.783832324304257
9.06,10.838788735500275,8.66358644434724,2.5087750331465677,1.9340322715142526,5.4703481392796265
9.07,11.233857219791705,8.621158656020869,2.6098463671115435,1.9018316083062925,5.978698008640668
9.08,11.064980927680423,8.535436004899648,2.724347190624146,1.8364093971877375,5.519591642331261
9.09,11.012410910716298,8.44378777081118,2.536638826743186,2.0176832767548794,5.058996441420489
9.1,10.970845957552523,8.304512881169796,2.2466605360510026,1.8808915773696309,5.891759330184216
9.11,11.663854924834082,8.510894153793304,2.799990291567059,1.9631997098219294,5.541143689265485
9.12,10.976149853980344,8.592103309965367,2.4902543389544802,1.746624490054511,5.60801530143741
9.13,10.613960622660752,8.674431690009527,2.1956420203236315,1.902594984418266,5.093704139155238
9.14,10.489471928296151,8.786207157349583,2.546906952590058,1.7525885033028268,4.760299870717506
9.15,10.502736556777412,8.894043720223761,2.913692811332046,2.173013532592647,5.635408028619246
9.16,11.136572316462935,8.792243741106983,2.6798072574582408,2.131278287538516,6.193107260264019
9.17,11.35407750214973,8.830829730162504,2.6735177770619614,1.69229864261667,5.507800175845442
9.18,11.303188426979073,8.88063720810367,2.7384713035983657,1.9273683899799081,5.423207458167193
9.19,11.675738339543633,8.951477088531723,2.6369951831722718,1.8955311002856843,6.348754037347105
9.2,11.733272348579131,8.92603148718773,2.67858672987608,1.8096850218771945,6.504776958168108
9.21,11.661536840975186,9.008873462227374,2.677198412012023,1.9228268877016526,6.383756075054659
9.22,11.335508014003366,8.689266191033953,2.5895226294080818,1.7741296106120514,5.130872950134964
9.23,10.789929335872905,8.568189263227616,3.2323261795108382,1.8290882449882024,5.909461164796708
9.24,10.512158366330196,8.424374059352985,2.758094209034412,2.014303247540144,5.8038892245595095
9.25,10.941922817165544,8.537361282408353,2.9187761517358557,1.753840919936462,5.952870474008278
9.26,10.954402426069992,8.446727774411544,2.6394265827879226,1.8950996515267793,6.065428542787039
9.27,10.748545335497088,8.455136662346446,2.6165820194929093,1.936466528696188,5.7182480841038945
9.28,10.762261071510062,8.457282661617741,2.973413545545601,1.894937104574989,6.396168246855753
9.29,10.835826658682532,8.54326971829584,2.5276248671880652,1.8834871362652224,5.9279372420933365
9.3,11.258186343308182,8.507270886034034,2.7283511076832974,1.840762725680393,6.262552803463473
9.31,11.976637803618827,8.430156831808464,2.6227261487472195,1.836642064754007,5.891384678631865
9.32,12.463264549042739,8.428522840373434,2.8803904048937725,1.8758384372070502,5.996071524735295
9.33,12.071786534327972,8.32193775543665,3.006027386992009,1.6342360092470687,6.201501530129999
9.34,11.72700429386577,8.366904020238731,3.0545269855245696,1.6118015075591499,6.1575347153079525
9.35,11.18879749554255,8.459754870782737,2.717399523153282,1.8977467396666898,6.172940713867083
9.36,11.294844150994686,8.498606019066417,2.9415997181956817,1.672406180581611,6.119660044597603
9.37,11.474747280683367,8.334733163614416,3.6206487956682256,1.7846949003694197,6.554460124134345
9.38,11.371466857913196,8.376919953202094,2.9730522216691226,1.7461545219011672,6.735832685789584
9.39,11.975203338829656,8.507209961741573,3.0588590254533745,1.9934250528826263,7.186255933491733
9.4,11.982190293452398,8.348702542449105,2.691559588070902,1.988350924945733,6.754661994994409
9.41,11.723245179525073,8.37971475747202,2.8837746734786016,1.9346181030176903,6.118170657081221
9.42,12.266860180415636,8.265575434449035,2.5472852465859663,1.9630708504390668,6.7028016138955655
9.43,12.09303372638536,8.320435500925333,2.7729670860597806,1.6201921789995755,5.604612274702749
9.44,12.193520527669552,8.357440078816717,2.548179381705223,1.7885542691793344,5.909479401029935
9.45,12.273115614058478,8.390009819006206,2.713466388780131,1.9347653018261883,5.245917937090911
9.46,13.048175586631181,8.283015399300188,2.823582923326778,1.7360741078935196,5.7883108642428125
9.47,12.7739290504633,8.275413976169602,2.525947492404022,1.7877201993967846,6.621310886419047
9.48,12.765971034381451,8.184533932227898,2.581673575849582,1.8135342200308235,5.6415905741071635
9.49,13.297863182487454,8.223095363688957,2.7040177522112225,1.7671289215163835,5.465738647676071
9.5,13.68685635084567,8.231718998363108,2.800434684530308,1.8225384802557951,5.088343852107021
9.51,14.155352464186771,8.274712648676516,2.760474221452394,1.8405666135834473,6.681930040909076
9.52,12.95353488312507,8.381669092439317,3.376315929735537,1.740361436588137,7.855727561908583
9.53,12.961266041304237,8.335122103485752,3.629504333421719,2.22998207478186,6.684137438240754
9.54,12.61958376255864,8.369751328828272,2.3558023774766923,1.7750961622162251,8.12730014609946
9.55,13.234395209945934,8.146760454810979,2.6977741958253807,1.8871286312187523,8.181183816842012
9.56,13.928998545713558,8.375886422319395,3.512868711082882,1.7888540034211153,8.83492033467822
9.57,13.416209059226556,8.274560911117893,3.6549379930015173,1.7732272113828687,8.822298051060391
9.58,12.952676066075204,8.220534717790668,3.0928014384002918,1.9778077157980485,6.904095124405307
9.59,13.081464962546448,8.100322843379214,3.83844028119709,1.8038158790717604,8.95215041835879
9.6,12.831402971428894,8.114416348682969,2.925834704245561,1.969644057871402,7.680280580245823
9.61,13.556061602617527,8.016774847042663,3.7263369455754147,1.7558866143662193,9.832092766219843
9.62,13.554804630078367,7.978767477447631,2.7875571491848787,1.8846030745385036,8.950543270387573
9.63,14.047373823641223,8.079903673150632,2.930623120195519,1.88487913634536,9.682992919204054
9.64,13.49157172889021,8.08430696422637,2.760408374353424,1.9314723173292019,9.346521106706616
9.65,14.066165679936395,8.15210914945685,2.7437702292726747,1.6835436803836425,9.44273732558953
9.66,13.843118125565448,8.270500222128032,3.044052577564272,1.9269507417089797,8.763259178582164
9.67,13.594870026073831,8.086536009984743,3.0913837665822173,1.868971616424277,8.748877250105245
9.68,13.476069681221093,8.175238929437057,2.7141921639111577,1.7812582980209004,9.121613746431585
9.69,12.746170629361075,7.95453602820164,2.958020896489395,1.7590690340829673,8.104393793783698
9.7,12.376864667875608,7.868567323897274,2.8616282305718825,1.765888543865715,8.147759312121122
9.71,12.612959500124642,7.8563510042266556,2.829280425491342,1.8773125035745504,8.150206303518381
9.72,12.014707424534285,7.8947137538685475,2.6672475739217165,1.6685270002250707,7.39556561938733
9.73,12.13486377518172,7.848550228791698,2.6781983358477603,1.6722699477751986,7.544656480692953
9.74,11.268332632254458,7.869418825723478,2.622814992602201,1.70176933798728,6.707932734454838
9.75,11.301468582509285,7.84766271876603,3.0256973210371734,2.424636782001513,6.796645555484952
9.76,12.119182538945838,7.944695438234631,3.427693881696913,1.8870023351075687,7.402961317939372
9.77,11.736275004502117,8.164241764798632,2.6450106723208457,1.8169335561531175,5.980745531097947
9.78,11.643342338564022,8.156737983046838,2.756330560627308,1.5746488365497378,6.975015014909601
9.79,11.076937180309152,8.14063912363765,2.6271540756182334,1.7650132374858765,5.645155262724653
9.8,10.934692372286438,8.230048243092167,2.756210484950881,1.8340059106964355,6.722488852742282
9.81,10.437872973443628,8.193438053285654,2.5663450870283784,1.6975116594130126,4.892669115448357
9.82,10.358603246877358,8.116895617724587,3.28134684403415,1.8576359826352862,6.209150076950331
9.83,10.803774620792439,8.008454735153965,2.386235409835164,1.715844965617724,5.815146908996585
9.84,10.822073124572082,8.13402406012168,3.1757970801223085,1.7400251373303026,6.203243119462045
9.85,10.639978238973452,8.340872719321444,3.6467775838136127,1.6852102686685395,6.138371418487925
9.86,10.588238203203268,8.111368212902871,2.8963179139451354,1.6739735624531986,4.676848166666729
9.87,11.379012887351779,8.032093773750853,2.908253965472471,1.8911717492814144,6.702191843110223
9.88,11.450650988470588,8.09039608215354,2.7322062889710543,1.8417930762833936,5.887258216165509
9.89,11.939856236492298,8.12722850719549,2.814813966199844,1.7634860136843225,6.397557735560381
9.9,11.887588110709192,8.2136390751885,2.9325622266650813,2.140042433580568,6.211174448317173
9.91,11.189031790982265,8.218840919142426,3.069042199624053,1.7778001502684355,6.440176081636219
9.92,11.745572804133433,8.308679615742806,3.185542457734537,2.489017477432803,6.398284594593859
9.93,11.87391926911277,8.356312833992659,3.0308649707057636,1.5809884454818393,6.389062245028392
9.94,11.712669283326342,8.433572664331052,2.913061510720928,1.8493947868820613,6.096252091571416
9.95,11.888639256630084,8.384033958649438,2.662070550307843,1.6961092334078325,5.977200975224903
9.96,11.94997198395396,8.311264516704888,3.0024841218640628,1.8550144677313067,6.155336499538018
9.97,12.51185240872141,8.41568780386473,2.580850820869761,2.0872911706703268,7.206368842334322
9.98,12.309792050032556,8.378899090862365,2.7752636536063777,2.012996193516318,6.803683783317711
9.99,12.57665070271315,8.478780373391187,2.8888997138396255,1.782817335408578,6.65143328780537
10.0,12.159241190854017,8.457628539466342,3.195156604675818,1.8245847832979445,7.66301444441658
10.01,12.642408791566446,8.738735166824187,2.5180738049878424,1.8074079083609482,7.857823624802959
10.02,12.837214154850688,8.779687183241979,2.552256494195531,1.6544131843231233,6.859241810523812
10.03,13.309368084983747,8.745878313694748,3.0934911141098906,1.8440807212903765,6.489900031767629
10.04,13.188780992298996,8.763415353214006,2.9943129865649403,1.7897603253372345,7.612474324801018
10.05,12.762965563299197,8.712829870548811,3.259221314850005,1.8890349881968342,7.055211685564031
10.06,12.584677635768788,8.726250179192101,2.951905525947562,1.5354361539111308,7.147267169470815
10.07,12.848416238055902,8.69257105911273,2.559689941496906,1.7970600306574593,6.8213018140024415
10.08,12.604341456700729,8.645749948893934,3.359217980922664,1.6578936933038464,6.846046916834291
10.09,12.398572547621338,8.487256240257976,2.798245782724576,1.733978695626775,6.655366851462211
10.1,12.637112473998462,8.365581716620142,2.5572998688450164,1.86613892883808,7.168062219598362
10.11,12.659966845330596,8.368622013023202,2.895903960407798,1.917087056409866,5.628079105861899
10.12,12.913964231916864,8.583999658347189,3.6278337807313807,1.9145297240880288,7.115446459078652
10.13,13.17969807870689,8.378136086546903,3.8941816006265357,1.7811160416135603,6.5054704112053585
10.14,12.79346826891353,8.433659960981561,3.719865549931334,1.6836973215541557,6.472814149729301
10.15,12.914004029908586,8.380060749470022,4.256137330707817,1.7510734895739366,6.423435145230114
