id,smiles,score_1xq8,plif_1xq8,score_we_mean,plif_we_mean,SC1,SC2,SC3,SC4,score_c09,plif_c09,SC2_c09,SC4_c09
0,C=C(C)c1ccc2nccc(S(=O)(=O)N3CCCNCC3)c2c1,-4.061,0.0153417281640524,-3.8090766,0.2635218734871238,4.061,3.8090766,4.107025184492157,4.599642220461371,-3.957,0.3689517233821031,3.957,5.063855170146309
1,C=CCN1CCN(S(=O)(=O)c2ccnc3cc(Cl)ccc23)CC1,-5.201,0.0,-4.9298857,0.2006346782276937,5.201,4.9298857,5.201,5.531789734683081,-5.198,0.4844101046632691,5.198,6.6512303139898075
2,C=Cc1cc2cc(S(=O)(=O)N3CCCNCC3)ccc2[nH]1,-4.292,0.0,-3.7924025,0.2324809644525514,4.292,3.7924025,4.292,4.489845393357655,-4.002,0.4844101046632691,4.002,5.455230313989807
3,CC(C)N1CCN(S(=O)(=O)c2ccnc3ccc(Cl)cc23)CC1,-5.139,0.0,-5.0153796,0.2107337061507232,5.139,5.0153796,5.139,5.64758071845217,-5.065,0.012484217730421136,5.065,5.102452653191264
4,CC(CC1CCN(C(=O)c2csc3ccccc23)CC1)N1CCNCC1,-5.96,0.0009408365554456,-5.719698000000001,0.1885659835023534,5.96,5.719698000000001,5.962822509666337,6.285395950507061,-5.878,0.4844101046632691,5.878,7.331230313989807
5,CC1(O)CCN(S(=O)(=O)c2ccnc3ccccc23)CC1,-5.455,0.0,-4.873831300000001,0.2552688953356105,5.455,4.873831300000001,5.455,5.639637986006832,-5.128,0.19283607167747044,5.128,5.706508215032412
6,CC=CN1CCN(S(=O)(=O)c2ccnc3ccc(NC(C)=O)cc23)CC1,-5.375,0.0,-5.567262,0.1646201543270868,5.375,5.567262,5.375,6.061122462981261,-5.561,0.21318880808891044,5.561,6.200566424266731
7,CCN1CCCN(S(=O)(=O)c2cccc3ccccc23)CC1,-3.555,0.0,-3.6282911,0.2870388455985748,3.555,3.6282911,3.555,4.4894076367957245,-3.626,0.4514045634344201,3.626,4.98021369030326
8,CCN1CCCN(S(=O)(=O)c2ccnc3cc(Cl)ccc23)CC1,-3.459,0.0,-3.6084416,0.2402518374174304,3.459,3.6084416,3.459,4.329197112252292,-3.597,0.008481165879740595,3.597,3.622443497639222
9,CCN1CCCN(S(=O)(=O)c2cncc3ccccc23)CC1,-3.659,0.0,-3.4800851000000006,0.2186648431387532,3.659,3.4800851000000006,3.659,4.13607962941626,-3.778,0.3547968480340348,3.778,4.842390544102104
10,CCN1CCN(C)C(S(=O)(=O)c2ccnc3ccccc23)C1,-5.426,0.0013507978422093,-5.062025499999999,0.2363834202783551,5.426,5.062025499999999,5.430052393526628,5.771175760835065,-5.11,0.3689517233821031,5.11,6.216855170146309
11,CCN1CCN(S(=O)(=O)c2ccnc3cc(Cl)ccc23)CC1,-5.278,0.0140047234350353,-4.809072,0.2145789397451724,5.278,4.809072,5.320014170305106,5.452808819235517,-4.776,0.011166580472204925,4.776,4.809499741416615
12,CCN1CCN(S(=O)(=O)c2ccnc3ccccc23)CC1,-4.877,0.0128820733163923,-4.725182300000001,0.1997044450222959,4.877,4.725182300000001,4.915646219949177,5.324295635066889,-4.636,0.4095942669158416,4.636,5.864782800747525
13,CCOC(=O)N1CCCN(S(=O)(=O)c2ccnc3ccccc23)CC1,-3.677,0.0,-3.4491559000000005,0.1753739062679293,3.677,3.4491559000000005,3.677,3.975277618803789,-4.066,0.2956275966454044,4.066,4.952882789936213
14,CCOc1ccc2c(c1)CCCN2S(=O)(=O)c1ccnc2ccccc12,-5.715,0.0,-5.587812700000001,0.2429764322015595,5.715,5.587812700000001,5.715,6.316741996604679,-5.639,0.4095942669158416,5.639,6.867782800747525
15,CCOc1ccc2nccc(S(=O)(=O)N3CCCNCC3)c2c1,-3.678,0.0249684354608422,-3.5075303,0.2287322949689512,3.678,3.5075303,3.752905306382527,4.193727184906853,-3.783,0.3689517233821031,3.783,4.889855170146309
16,CCSc1cccc2c(S(=O)(=O)N3CCNCC3)cccc12,-5.143,0.0,-4.8163271,0.2761209333003208,5.143,4.8163271,5.143,5.644689899900962,-4.984,0.30410675398087944,4.984,5.8963202619426385
17,CCc1ccc(S(=O)(=O)N2CCCNCC2)cc1,-3.781,0.0,-3.3508015,0.1806281307984889,3.781,3.3508015,3.781,3.8926858923954666,-3.374,0.5926654300846983,3.374,5.151996290254095
18,CN(CCc1ccccc1)S(=O)(=O)c1ccnc2ccccc12,-4.33,0.0,-4.0471457,0.2572488972166706,4.33,4.0471457,4.33,4.818892391650012,-4.594,0.3547968480340348,4.594,5.6583905441021045
19,CN1CCCN(S(=O)(=O)c2cccc3ccccc23)CC1,-3.527,0.0,-3.7146228,0.3815468891663227,3.527,3.7146228,3.527,4.859263467498968,-3.681,0.21847772480683872,3.681,4.336433174420517
20,CN1CCCN(S(=O)(=O)c2cccc3cccnc23)CC1,-3.513,0.0,-3.4387231000000003,0.2755318600704953,3.513,3.4387231000000003,3.513,4.265318680211486,-3.437,0.4844101046632694,3.437,4.890230313989808
21,CN1CCCN(S(=O)(=O)c2ccnc3c(C(F)(F)F)cccc23)CC1,-4.288,0.0,-3.855235,0.2192550303018486,4.288,3.855235,4.288,4.513000090905546,-4.349,0.28438599542456555,4.349,5.202157986273697
22,CN1CCCN(S(=O)(=O)c2ccnc3ccc(Cl)cc23)CC1,-3.774,0.0,-3.526517,0.2507220604757105,3.774,3.526517,3.774,4.278683181427132,-3.903,0.5037353644948583,3.903,5.414206093484575
23,CN1CCCN(S(=O)(=O)c2ccnc3ccccc23)CC1,-3.596,0.0,-3.4906402,0.3591711196639433,3.596,3.4906402,3.596,4.56815355899183,-3.665,0.39325374148609216,3.665,4.844761224458276
24,CN1CCCN(S(=O)(=O)c2sc3ccccc3c2Cl)CC1,-3.77,0.0,-3.5142589,0.3222332668494441,3.77,3.5142589,3.77,4.4809587005483325,-3.693,0.46508484483168044,3.693,5.088254534495041
25,CN1CCN(S(=O)(=O)C2=CC=NC3(Cl)C=CC=C23)CC1,-5.498,0.0,-4.650527500000001,0.2705571000126502,5.498,4.650527500000001,5.498,5.462198800037951,-4.981,0.3119681220751542,4.981,5.916904366225462
26,CN1CCN(S(=O)(=O)c2cccc3cnccc23)CC1,-4.611,0.0,-4.7278222,0.2385055269467972,4.611,4.7278222,4.611,5.443338780840392,-4.916,0.3496264635505143,4.916,5.964879390651543
27,CN1CCN(S(=O)(=O)c2ccnc3c(Cl)cccc23)CC1,-5.075,0.0,-4.8728987,0.2738011162415014,5.075,4.8728987,5.075,5.694302048724504,-5.054,0.4095942669158418,5.054,6.282782800747526
28,CN1CCN(S(=O)(=O)c2ccnc3ccc(Cl)cc23)CC1,-5.035,0.0169609591860428,-4.9004673,0.2809643095205098,5.035,4.9004673,5.085882877558129,5.74336022856153,-4.928,0.4095942669158418,4.928,6.156782800747525
29,CN1CCN(S(=O)(=O)c2ccnc3ccccc23)CC1,-5.004,0.0,-4.748963799999999,0.2439046716671534,5.004,4.748963799999999,5.004,5.48067781500146,-4.79,0.3547968480340349,4.79,5.854390544102104
30,CN1CCN(S(=O)(=O)c2cnc3ccccc3c2)CC1,-5.232,0.0,-4.8250735,0.2189171711275469,5.232,4.8250735,5.232,5.481825013382641,-4.826,0.3496264635505143,4.826,5.874879390651543
31,COc1cc2c(S(=O)(=O)N3CCCN(C)CC3)ccnc2cn1,-3.376,0.0,-3.3879651,0.2550792577725125,3.376,3.3879651,3.376,4.153202873317538,-3.63,0.32830864750490374,3.63,4.614925942514711
32,COc1ccc(S(=O)(=O)N2CCNCC2)cc1,-4.778,0.0013507978422093,-4.295128199999999,0.1969352453151712,4.778,4.295128199999999,4.782052393526628,4.885933935945513,-4.397,0.31293143120110456,4.397,5.335794293603314
33,COc1ccc2nccc(S(=O)(=O)N3CC[C@H](N)C3)c2c1,-4.861,0.0,-4.795115900000001,0.2217824032402918,4.861,4.795115900000001,4.861,5.460463109720877,-4.974,0.23834472016708563,4.974,5.689034160501257
34,C[C@@H]1CN(S(=O)(=O)c2ccnc3ccccc23)C[C@H](C)N1,-5.258,0.0,-5.020088199999999,0.2465424788571487,5.258,5.020088199999999,5.258,5.759715636571445,-5.151,0.01010052793874765,5.151,5.181301583816243
35,C[C@@H]1CNC[C@H](C)N1S(=O)(=O)c1ccnc2ccccc12,-5.159,0.0,-4.9777282000000005,0.225046394328925,5.159,4.9777282000000005,5.159,5.652867382986775,-5.233,0.3547968480340349,5.233,6.297390544102104
36,C[C@H]1CN(S(=O)(=O)c2ccnc3ccccc23)[C@@H](C)CN1,-5.252,0.0,-4.995779500000001,0.2196211498178329,5.252,4.995779500000001,5.252,5.6546429494535,-5.159,0.10408889992076147,5.159,5.4712666997622845
37,C[C@H]1CNCCN1S(=O)(=O)c1ccnc2ccccc12,-5.08,0.0,-4.767640299999999,0.2133612298580397,5.08,4.767640299999999,5.08,5.407723989574119,-4.908,0.4095942669158418,4.908,6.136782800747525
38,C[C@H]1[C@H](N)CCN1S(=O)(=O)c1ccnc2ccccc12,-5.078,0.0097543506103297,-4.732569800000001,0.1679316563489789,5.078,4.732569800000001,5.10726305183099,5.236364769046938,-4.823,0.39325374148609216,4.823,6.002761224458277
39,C[N+]1(C)CCN(S(=O)(=O)c2ccnc3ccccc23)CC1,-4.851,0.0,-4.6821004,0.2416387123408011,4.851,4.6821004,4.851,5.407016537022404,-4.795,0.4095942669158418,4.795,6.023782800747526
40,Cc1c(S(=O)(=O)N2CCNCC2)sc2ccccc12,-5.185,0.0,-4.8707242,0.2645809266289313,5.185,4.8707242,5.185,5.664466979886794,-4.997,0.34962646355051413,4.997,6.0458793906515425
41,Cc1cc(F)ccc1S(=O)(=O)N1CCCNCC1,-3.623,0.0,-3.3271052,0.1922148600435557,3.623,3.3271052,3.623,3.903749780130667,-3.373,0.4844101046632691,3.373,4.826230313989807
42,Cc1cc(S(=O)(=O)N2CCNCC2)c2ccccc2n1,-5.01,0.0,-4.991291200000001,0.3010296347363779,5.01,4.991291200000001,5.01,5.894380104209135,-5.052,0.311968122075154,5.052,5.987904366225462
43,Cc1ccc2c(S(=O)(=O)N3C[C@H]4CN[C@H]4C3)ccnc2c1,-5.741,0.0,-5.1990645,0.2141110856582775,5.741,5.1990645,5.741,5.841397756974832,-5.452,0.11507488363747664,5.452,5.79722465091243
44,Cn1ccc2cc(S(=O)(=O)N3CCNCC3)ccc21,-4.88,0.0,-4.8540796,0.2413443035292943,4.88,4.8540796,4.88,5.578112510587884,-4.904,0.1411377393890049,4.904,5.327413218167015
45,N#Cc1ccc2c(S(=O)(=O)N3CCCNC3)ccnc2c1,-5.469,0.0,-5.169050400000001,0.2485591790699019,5.469,5.169050400000001,5.469,5.914727937209706,-5.221,0.3283086475049037,5.221,6.205925942514711
46,N#Cc1ccc2c(S(=O)(=O)N3C[C@H]4CNC[C@H]4C3)ccnc2c1,-5.436,0.0,-5.4007525,0.2330409283410414,5.436,5.4007525,5.436,6.099875285023124,-5.637,0.025443497639221786,5.637,5.713330492917665
47,N=C(N)N1CCCN(S(=O)(=O)c2ccnc3ccccc23)CC1,-3.965,0.0219804885087416,-3.7968732,0.1932625446266942,3.965,3.7968732,4.030941465526225,4.3766608338800825,-3.637,0.010100527938747649,3.637,3.667301583816243
48,N=C(N)N1CCN(S(=O)(=O)c2ccnc3ccccc23)CC1,-5.777,0.0,-5.2234151,0.1961136993454814,5.777,5.2234151,5.777,5.811756198036444,-5.158,0.4095942669158416,5.158,6.386782800747525
49,NC1CCN(S(=O)(=O)c2ccc(Cl)nc2)CC1,-4.929,0.0,-4.4217559,0.2221346209634319,4.929,4.4217559,4.929,5.088159762890296,-4.523,0.17417421434973976,4.523,5.045522643049219
50,NC1CCN(S(=O)(=O)c2cccc3ccccc23)CC1,-5.341,0.0,-5.180797200000001,0.2415706904588488,5.341,5.180797200000001,5.341,5.905509271376547,-5.127,0.008481165879740595,5.127,5.152443497639221
51,NC1CCN(S(=O)(=O)c2cccnc2)CC1,-4.697,0.0,-4.2026698,0.1232546205478331,4.697,4.2026698,4.697,4.572433661643499,-4.378,0.4095942669158416,4.378,5.606782800747525
52,NC1CCN(S(=O)(=O)c2ccnc3ccccc23)C1,-4.916,0.0,-4.742877000000001,0.2119798158325626,4.916,4.742877000000001,4.916,5.378816447497689,-4.79,0.3129314312011044,4.79,5.728794293603313
53,NC1CCN(S(=O)(=O)c2ccnc3ccccc23)CC1,-5.375,0.0238960495699233,-4.775028700000001,0.2189152441429412,5.375,4.775028700000001,5.44668814870977,5.431774432428824,-5.087,0.27023158120058327,5.087,5.8976947436017495
54,NC1CN(S(=O)(=O)c2cccc3cnccc23)C1,-4.601,0.0,-4.5178391,0.2670195267884885,4.601,4.5178391,4.601,5.318897680365465,-5.062,0.3129314312011044,5.062,6.000794293603313
55,NCC1CCCCN1S(=O)(=O)c1ccnc2ccccc12,-5.107,0.0,-4.807058,0.1649137131863982,5.107,4.807058,5.107,5.301799139559194,-5.026,0.009220284626177591,5.026,5.053660853878532
56,NCC1CCCN(S(=O)(=O)c2cccnc2)C1,-4.68,0.0,-4.3078716,0.1913860441624525,4.68,4.3078716,4.68,4.882029732487358,-4.414,0.1286535216585838,4.414,4.799960564975751
57,NCC1CCN(S(=O)(=O)c2ccnc3ccccc23)CC1,-5.547,0.0,-4.932031,0.1921647027984348,5.547,4.932031,5.547,5.508525108395305,-5.085,0.28438599542456555,5.085,5.938157986273697
58,NCCC1CCN(S(=O)(=O)c2ccnc3ccccc23)CC1,-5.248,0.0,-4.864417,0.1812076670117153,5.248,4.864417,5.248,5.408040001035145,-5.119,0.3283086475049037,5.119,6.103925942514711
59,NS(=O)(=O)c1ccnc2ccccc12,-4.307,0.0,-4.2272783,0.1826093407698686,4.307,4.2272783,4.307,4.775106322309606,-4.276,0.4844101046632691,4.276,5.729230313989807
60,N[C@@H]1CCN(S(=O)(=O)c2ccc(-n3ccnc3)c3ccccc23)C1,-5.301,0.0219804885087416,-5.3254725,0.2268038531203527,5.301,5.3254725,5.366941465526225,6.005884059361058,-5.338,0.1928360716774705,5.338,5.916508215032412
61,N[C@H]1CCN(C(=O)c2ccnc3ccccc23)C1,-5.307,0.0,-4.8892405,0.1832384732298412,5.307,4.8892405,5.307,5.438955919689524,-5.188,0.21318880808891047,5.188,5.827566424266731
62,N[C@H]1CCN(S(=O)(=O)c2cccnc2)C1,-4.541,0.0,-4.1591735,0.1903907753864159,4.541,4.1591735,4.541,4.730345826159248,-4.145,0.0,4.145,4.145
63,N[C@H]1CCN(S(=O)(=O)c2nc3ccccc3s2)C1,-5.227,0.0,-4.7218694,0.1906264404027503,5.227,4.7218694,5.227,5.293748721208251,-4.786,0.024968435460842278,4.786,4.860905306382526
64,Nc1ccc(S(=O)(=O)N2CCCNCC2)cc1,-3.357,0.0,-3.1946828000000003,0.1629894348243714,3.357,3.1946828000000003,3.357,3.6836511044731135,-3.439,0.36895126225801705,3.439,4.545853786774051
65,Nc1ccc(S(=O)(=O)N2CCNCC2)cc1,-4.532,0.0,-4.2932335,0.3409125239784121,4.532,4.2932335,4.532,5.315971071935237,-4.264,0.4095942669158417,4.264,5.492782800747525
66,Nc1ccc(S(=O)(=O)N2CCNCC2)cn1,-4.579,0.0,-4.274475,0.1540614426229259,4.579,4.274475,4.579,4.736659327868778,-4.289,0.0,4.289,4.289
67,Nc1cccc(N2CCN(S(=O)(=O)c3ccnc4ccccc34)CC2)c1,-6.214,0.0,-5.4865346,0.1702356724506445,6.214,5.4865346,6.214,5.997241617351934,-5.396,0.15759017664949848,5.396,5.868770529948495
68,Nc1cccc(S(=O)(=O)N2CCCNCC2)c1,-3.434,0.0128820733163923,-3.2366962,0.2377225979123601,3.434,3.2366962,3.472646219949177,3.94986399373708,-3.35,0.35479684803403483,3.35,4.414390544102105
69,Nc1nccc(N2CCC(NS(=O)(=O)c3ccnc4ccccc34)CC2)n1,-5.713,0.0,-5.7592689,0.1879020659455002,5.713,5.7592689,5.713,6.322975097836501,-6.237,0.190035469336889,6.237,6.807106408010667
70,Nc1nccc(S(=O)(=O)N2CCCNCC2)n1,-3.449,0.0013507978422093,-3.1758467,0.1785766890826444,3.449,3.1758467,3.453052393526628,3.7115767672479336,-3.304,0.20202222761670557,3.304,3.9100666828501165
71,O=C(Nc1ccc2ccccc2c1)N1CCCNCC1,-4.211,0.0,-4.1059818,0.2577806191423114,4.211,4.1059818,4.211,4.879323657426935,-4.146,0.25082893789750677,4.146,4.89848681369252
72,O=C1CN(S(=O)(=O)c2ccnc3ccccc23)CCN1,-5.164,0.0,-5.0841461,0.2317701481745172,5.164,5.0841461,5.164,5.779456544523551,-4.982,0.014154414223982234,4.982,5.024463242671947
73,O=S(=O)(/C=C/c1cccc2ncccc12)N1CCCN(C2CC2)CC1,-3.911,0.0,-3.8919731,0.1880815286207635,3.911,3.8919731,3.911,4.456217685862291,-4.079,0.27023158120058327,4.079,4.8896947436017495
74,O=S(=O)(CN1CCCNCC1)c1cccnc1,-3.179,0.0,-3.0109475,0.1149122018541437,3.179,3.0109475,3.179,3.355684105562431,-3.196,0.31196812207515406,3.196,4.131904366225463
75,O=S(=O)(Cc1ccccc1)N1CCCNCC1,-3.441,0.0289402302975292,-3.1590145,0.2311005147257318,3.441,3.1590145,3.5278206908925878,3.8523160441771953,-3.322,0.34064243381005255,3.322,4.343927301430158
76,O=S(=O)(N1CCNCC1)N1CCCc2ccccc2C1,-4.038,0.0,-3.6649008,0.2488389113437361,4.038,3.6649008,4.038,4.411417534031209,-3.869,0.016962331759481194,3.869,3.9198869952784436
77,O=S(=O)(NC1CC2CCC(C1)N2)c1ccnc2ccccc12,-5.349,0.0,-5.2750304,0.2098609931230633,5.349,5.2750304,5.349,5.90461337936919,-5.519,0.36895172338210314,5.519,6.625855170146309
78,O=S(=O)(NC1CCCNC1)c1ccnc2ccccc12,-5.62,0.0384886298280419,-5.071488400000001,0.1874104455771829,5.62,5.071488400000001,5.735465889484126,5.63371973673155,-5.237,0.007851751801524339,5.237,5.260555255404573
79,O=S(=O)(NC1CCN(CCF)C1)c1ccnc2ccccc12,-5.057,0.2182337050189583,-4.7994972,0.2115371489015927,5.057,4.7994972,5.711701115056876,5.434108646704779,-5.09,0.42593479234559134,5.09,6.367804377036774
80,O=S(=O)(NC1CCN2CCCC[C@H]2C1)c1ccnc2ccccc12,-5.508,0.0,-5.5397172,0.2281239015456666,5.508,5.5397172,5.508,6.224088904637,-5.925,0.27023158120058327,5.925,6.73569474360175
81,O=S(=O)(NC1CCNCC1)c1ccnc2ccccc12,-4.913,0.0012425148500565,-5.0367287,0.2062310977351334,4.913,5.0367287,4.91672754455017,5.655421993205401,-4.911,0.3547968480340348,4.911,5.975390544102104
82,O=S(=O)(NC1CN2CCC1CC2)c1ccnc2ccccc12,-5.257,0.0,-5.226563400000001,0.2380954380951442,5.257,5.226563400000001,5.257,5.9408497142854335,-5.14,0.27023158120058327,5.14,5.950694743601749
83,O=S(=O)(NC1CNC1)c1ccnc2ccccc12,-5.106,0.0,-4.8970706,0.2434600896934646,5.106,4.8970706,5.106,5.627450869080394,-4.923,0.21318880808891047,4.923,5.562566424266731
84,O=S(=O)(NCCC1CCNCC1)c1ccnc2ccccc12,-4.615,0.0,-5.0006795,0.1797265570868798,4.615,5.0006795,4.615,5.539859171260639,-5.315,0.2560771669766011,5.315,6.083231500929804
85,O=S(=O)(NCCCCN1CCCCCCC1)c1ccnc2ccccc12,-3.381,0.0,-3.4679352000000003,0.219096082941006,3.381,3.4679352000000003,3.381,4.125223448823019,-3.795,0.29562759664540444,3.795,4.681882789936213
86,O=S(=O)(NCCCCN1CCOCC1)c1ccnc2ccccc12,-4.822,0.2687367410049923,-4.8457884,0.1886209909298071,4.822,4.8457884,5.628210223014976,5.4116513727894215,-5.192,0.3547968480340348,5.192,6.256390544102104
87,O=S(=O)(NCCCN1CCCCC1)c1ccnc2ccccc12,-4.863,0.2131888080889104,-4.7638059,0.2376617745799181,4.863,4.7638059,5.502566424266732,5.476791223739755,-5.156,0.2560771669766011,5.156,5.924231500929803
88,O=S(=O)(NCCN1CCCC1)c1ccnc2ccccc12,-4.732,0.0,-4.743265999999999,0.1745904949019102,4.732,4.743265999999999,4.732,5.26703748470573,-4.622,0.40959426691584166,4.622,5.850782800747525
89,O=S(=O)(NC[C@H]1CCCN1)c1ccnc2ccccc12,-4.841,0.0,-5.1501248,0.1636126546762029,4.841,5.1501248,4.841,5.640962764028609,-5.295,0.34064243381005255,5.295,6.316927301430157
90,O=S(=O)(N[C@@H]1C2CNC[C@@H]1C2)c1ccnc2ccccc12,-5.368,0.0,-5.1471581,0.2536133291076388,5.368,5.1471581,5.368,5.907998087322916,-5.18,0.184734427849939,5.18,5.7342032835498165
91,O=S(=O)(Nc1cccc2ncccc12)N1CCNCC1,-5.046,0.0,-5.0280754,0.1910173946607541,5.046,5.0280754,5.046,5.601127583982262,-5.344,0.20202222761670557,5.344,5.950066682850117
92,O=S(=O)(Nc1ccnc2ccccc12)C1CCNCC1,-5.168,0.0,-5.006467600000001,0.2167561945145355,5.168,5.006467600000001,5.168,5.656736183543607,-5.125,0.38827698321369214,5.125,6.289830949641076
93,O=S(=O)(c1c(F)ccc2cnccc12)N1CCCNCC1,-4.013,0.0011503039028698,-3.6377517999999993,0.2546141827902028,4.013,3.6377517999999993,4.01645091170861,4.401594348370608,-3.842,0.27990332147719715,3.842,4.681709964431592
94,O=S(=O)(c1c(F)ccc2ncccc12)N1CCCNCC1,-3.887,0.0379007730049587,-3.6848199,0.1912250856889324,3.887,3.6848199,4.000702319014876,4.258495157066798,-3.901,0.32830864750490374,3.901,4.885925942514711
95,O=S(=O)(c1cc(Cl)cc2ncccc12)N1CCCNCC1,-3.77,0.0,-3.5659497,0.2869200419912194,3.77,3.5659497,3.77,4.426709825973658,-3.722,0.009220284626177593,3.722,3.7496608538785328
96,O=S(=O)(c1cc(Cl)nc2ccccc12)N1CCNCC1,-4.973,0.0,-4.81671,0.2751807469199325,4.973,4.81671,4.973,5.642252240759797,-4.9,0.3547968480340348,4.9,5.964390544102105
97,O=S(=O)(c1cc(F)cc(F)c1)N1CCCNCC1,-3.788,0.0,-3.2299638,0.2761322363926626,3.788,3.2299638,3.788,4.058360509177987,-3.372,0.23834472016708558,3.372,4.087034160501257
98,O=S(=O)(c1cc(F)cc2ncccc12)N1CCCNCC1,-3.636,0.0,-3.6737536,0.2176532926577521,3.636,3.6737536,3.636,4.326713477973256,-3.985,0.25082893789750677,3.985,4.73748681369252
99,O=S(=O)(c1cc(F)nc2ccccc12)N1CCNCC1,-4.947,0.0013507978422093,-4.9257329,0.276148028457033,4.947,4.9257329,4.951052393526628,5.754176985371099,-5.166,0.31196812207515406,5.166,6.101904366225463
100,O=S(=O)(c1cc2cc(Cl)ccc2o1)N1CCCNCC1,-3.977,0.0140047234350353,-3.5769314,0.2459485019018229,3.977,3.5769314,4.019014170305106,4.314776905705469,-3.855,0.21318880808891053,3.855,4.494566424266732
101,O=S(=O)(c1cc2ccccc2cn1)N1CCCNCC1,-3.712,0.0119260540123342,-3.6277821,0.2721220109339947,3.712,3.6277821,3.7477781620370023,4.444148132801984,-3.918,0.34962646355051424,3.918,4.966879390651543
102,O=S(=O)(c1cc2ccccc2s1)N1CCNCC1,-5.095,0.0,-4.784188800000001,0.2585175748716157,5.095,4.784188800000001,5.095,5.559741524614848,-4.902,0.3119681220751541,4.902,5.837904366225462
103,O=S(=O)(c1ccc(Cl)c(Cl)c1)N1CCCNCC1,-3.477,0.0010708339378363,-3.2278360000000004,0.203267966010285,3.477,3.2278360000000004,3.480212501813509,3.8376398980308553,-3.335,0.022333160944409854,3.335,3.4019994828332294
104,O=S(=O)(c1ccc(Cl)c(Cl)c1)N1CCCNCCC1,-2.927,0.0,-3.0849042,0.2474420311568008,2.927,3.0849042,2.927,3.8272302934704014,-3.039,0.40959426691584166,3.039,4.267782800747526
105,O=S(=O)(c1ccc(Cl)cc1)N1CCNCC1,-4.845,0.0,-4.3039403,0.2195377932170474,4.845,4.3039403,4.845,4.962553679651142,-4.306,0.184734427849939,4.306,4.860203283549817
106,O=S(=O)(c1ccc(F)c(Cl)c1)N1CCNCC1,-5.034,0.0,-4.4367749000000005,0.229501846022133,5.034,4.4367749000000005,5.034,5.125280438066399,-4.855,0.3129314312011045,4.855,5.793794293603314
107,O=S(=O)(c1ccc(F)cc1)N1CCNCC1,-4.899,0.0,-4.2889345,0.2010553204610599,4.899,4.2889345,4.899,4.89210046138318,-4.448,0.34064243381005266,4.448,5.469927301430158
108,O=S(=O)(c1ccc2c(Br)cccc2c1)N1CCCC(N2CCCCC2)C1,-5.32,0.0,-5.7583675,0.2349306357847112,5.32,5.7583675,5.32,6.463159407354134,-6.108,0.3689517233821032,6.108,7.2148551701463095
109,O=S(=O)(c1ccc2c(c1)OCCO2)N1CCNCC1,-4.852,0.0,-4.640668799999999,0.1893890774675247,4.852,4.640668799999999,4.852,5.208836032402574,-5.074,0.07451882610403458,5.074,5.297556478312104
110,O=S(=O)(c1ccc2ccccc2n1)N1CCNCC1,-5.496,0.0,-5.1162251,0.1985968890784032,5.496,5.1162251,5.496,5.71201576723521,-5.069,0.23834472016708563,5.069,5.784034160501257
111,O=S(=O)(c1ccc2cccnc2c1)N1CCNCC1,-5.457,0.0,-5.0164996,0.2116228568792222,5.457,5.0164996,5.457,5.651368170637666,-4.922,0.20107495327968866,4.922,5.525224859839065
112,O=S(=O)(c1ccc2ncccc2c1)N1CCCN(CC2CC2)CC1,-4.028,0.0,-3.727797100000001,0.2211839747442604,4.028,3.727797100000001,4.028,4.391349024232782,-3.891,0.4514045634344203,3.891,5.245213690303261
113,O=S(=O)(c1ccc2ncccc2c1)N1CCCNCC1,-3.765,0.0,-3.5647624,0.2025752478886735,3.765,3.5647624,3.765,4.172488143666021,-3.796,0.2702315812005834,3.796,4.60669474360175
114,O=S(=O)(c1ccc2ncccc2c1)N1CCN(CC2CCCN2)CC1,-5.832,0.0,-5.4902785000000005,0.1691480378244808,5.832,5.4902785000000005,5.832,5.997722613473443,-5.781,0.007851751801524339,5.781,5.804555255404573
115,O=S(=O)(c1ccc2ncsc2c1)N1CCCNCC1,-3.628,0.0,-3.2486378,0.2311548626601777,3.628,3.2486378,3.628,3.942102387980533,-3.315,0.4514045634344203,3.315,4.669213690303261
116,O=S(=O)(c1cccc(Cl)c1)N1CCN(C2CCCCC2)CC1,-5.718,0.0012425148500565,-5.002838500000001,0.1891682131481804,5.718,5.002838500000001,5.72172754455017,5.570343139444542,-5.436,0.3689517233821032,5.436,6.54285517014631
117,O=S(=O)(c1cccc(F)c1)N1CCCNCC1,-3.331,0.0238960495699233,-3.2503628,0.2851241798286618,3.331,3.2503628,3.40268814870977,4.105735339485985,-3.35,0.23834472016708563,3.35,4.065034160501257
118,O=S(=O)(c1cccc2ccccc12)N1CCCNCC1,-3.967,0.0,-3.7093434,0.2463567394838198,3.967,3.7093434,3.967,4.44841361845146,-3.81,0.40959426691584166,3.81,5.038782800747525
119,O=S(=O)(c1cccc2cccnc12)N1CCCNCC1,-4.023,0.0,-3.4761641000000005,0.1867541181069025,4.023,3.4761641000000005,4.023,4.036426454320708,-3.731,0.32830864750490374,3.731,4.715925942514711
120,O=S(=O)(c1cccc2cccnc12)N1CCNCC1,-5.151,0.0,-4.8893471,0.1480514263237025,5.151,4.8893471,5.151,5.333501378971108,-4.825,0.0,4.825,4.825
121,O=S(=O)(c1cccc2cnccc12)N1CCCNCC1,-3.735,0.0,-3.4869959000000006,0.2506064151347499,3.735,3.4869959000000006,3.735,4.23881514540425,-3.646,0.4844101046632693,3.646,5.099230313989808
122,O=S(=O)(c1cccc2cnccc12)N1CCNCC1,-5.072,0.0013507978422093,-4.8369518000000005,0.2286490621605638,5.072,4.8369518000000005,5.076052393526628,5.522898986481692,-4.982,0.31293143120110456,4.982,5.920794293603314
123,O=S(=O)(c1cccc2nc(Cl)ccc12)N1CCCNCCC1,-3.34,0.0,-3.5445654,0.2403970542278035,3.34,3.5445654,3.34,4.265756562683411,-3.384,0.35479684803403483,3.384,4.4483905441021045
124,O=S(=O)(c1cccc2nc3ccccc3nc12)N1CCNCC1,-5.63,0.0,-5.3631541,0.1788590502771612,5.63,5.3631541,5.63,5.899731250831484,-5.488,0.21318880808891053,5.488,6.127566424266732
125,O=S(=O)(c1cccc2ncccc12)N1CCCN(C2CCC2)CC1,-3.95,0.0,-3.8022296,0.2112716566220258,3.95,3.8022296,3.95,4.436044569866077,-4.077,0.38827698321369214,4.077,5.241830949641076
126,O=S(=O)(c1cccc2ncccc12)N1CCCNCC1,-3.607,0.0249684354608422,-3.5177504,0.2426396102494047,3.607,3.5177504,3.681905306382527,4.245669230748215,-4.027,0.38827698321369214,4.027,5.191830949641076
127,O=S(=O)(c1cccc2ncccc12)N1CCNCC1,-5.071,0.0011503039028698,-4.765592600000001,0.2094034048950536,5.071,4.765592600000001,5.07445091170861,5.393802814685162,-4.876,0.3689517233821032,4.876,5.98285517014631
128,O=S(=O)(c1cccc2ncccc12)N1CC[C@H]2CNC[C@H]2C1,-5.281,0.0,-5.2026808,0.1889345715946705,5.281,5.2026808,5.281,5.769484514784012,-5.679,0.32830864750490374,5.679,6.6639259425147115
129,O=S(=O)(c1cccc2ncncc12)N1CCNCC1,-4.664,0.0,-4.669234200000002,0.1474693990719189,4.664,4.669234200000002,4.664,5.111642397215759,-5.04,0.0,5.04,5.04
130,O=S(=O)(c1ccnc2c(Cl)cccc12)N1CCCNCC1,-3.909,0.0219804885087416,-3.6284995,0.2126641187015658,3.909,3.6284995,3.974941465526225,4.266491856104698,-3.657,0.3119681220751541,3.657,4.592904366225462
131,O=S(=O)(c1ccnc2c(Cl)cccc12)N1CCNCC1,-5.137,0.0014797559834649,-4.7627306,0.2164362529205446,5.137,4.7627306,5.141439267950394,5.412039358761634,-4.914,0.3119681220751541,4.914,5.849904366225462
132,O=S(=O)(c1ccnc2cc(Cl)ccc12)N1CC(N2CCCCC2)C1,-5.408,0.0,-5.1505508,0.1728977607781239,5.408,5.1505508,5.408,5.669244082334372,-5.62,0.009220284626177593,5.62,5.6476608538785324
133,O=S(=O)(c1ccnc2ccc(Cl)cc12)N1CCCNCC1,-3.835,0.034862561825134,-3.5213392000000003,0.2395047420038216,3.835,3.5213392000000003,3.939587685475402,4.239853426011465,-3.914,0.22586050243666447,3.914,4.591581507309994
134,O=S(=O)(c1ccnc2ccc(Cl)cc12)N1CCNCC1,-4.99,0.0,-4.8488727,0.162329176656045,4.99,4.8488727,4.99,5.335860229968136,-4.997,0.0,4.997,4.997
135,O=S(=O)(c1ccnc2ccccc12)C1CCNCC1,-4.993,0.0,-4.8649071,0.2341985331218829,4.993,4.8649071,4.993,5.567502699365649,-5.172,0.2531814753644496,5.172,5.931544426093349
136,O=S(=O)(c1ccnc2ccccc12)N1CC(N2CCCNCC2)C1,-3.998,0.0111021299232453,-3.976875900000001,0.1939645508099047,3.998,3.976875900000001,4.031306389769736,4.558769552429714,-4.11,0.29562759664540444,4.11,4.996882789936214
137,O=S(=O)(c1ccnc2ccccc12)N1CCC(CSc2n[nH]c(=S)s2)CC1,-5.349,0.0202010558774953,-5.469205700000001,0.1966550787005144,5.349,5.469205700000001,5.409603167632486,6.059170936101544,-5.74,0.2799033214771972,5.74,6.579709964431592
138,O=S(=O)(c1ccnc2ccccc12)N1CCC1,-4.465,0.0,-4.3631196,0.2619446812435902,4.465,4.3631196,4.465,5.148953643730771,-4.732,0.35479684803403483,4.732,5.796390544102104
139,O=S(=O)(c1ccnc2ccccc12)N1CCC2(CCNCC2)C1,-5.632,0.0,-5.3845036,0.186682210425843,5.632,5.3845036,5.632,5.944550231277528,-5.578,0.009220284626177593,5.578,5.605660853878533
140,O=S(=O)(c1ccnc2ccccc12)N1CCCC(N2CCNCC2)C1,-5.761,0.0,-5.658975400000001,0.1687044809395838,5.761,5.658975400000001,5.761,6.1650888428187525,-5.658,0.22586050243666442,5.658,6.3355815073099935
141,O=S(=O)(c1ccnc2ccccc12)N1CCCC1,-4.729,0.0,-4.6707744,0.2306893984691221,4.729,4.6707744,4.729,5.362842595407367,-4.831,0.35479684803403483,4.831,5.895390544102105
142,O=S(=O)(c1ccnc2ccccc12)N1CCCCC1,-4.904,0.0,-4.6933156,0.2286081425931601,4.904,4.6933156,4.904,5.3791400277794805,-4.889,0.4844101046632692,4.889,6.342230313989808
143,O=S(=O)(c1ccnc2ccccc12)N1CCCN(C2CCCCCC2)CC1,-3.41,0.0,-3.1310959,0.2471307853290154,3.41,3.1310959,3.41,3.8724882559870455,-3.465,0.27023158120058327,3.465,4.27569474360175
144,O=S(=O)(c1ccnc2ccccc12)N1CCCNC(CO)C1,-3.819,0.0,-3.7206959,0.2538878941560457,3.819,3.7206959,3.819,4.4823595824681375,-3.566,0.35479684803403483,3.566,4.630390544102104
145,O=S(=O)(c1ccnc2ccccc12)N1CCCNCCC1,-3.477,0.0322753011198765,-3.3823540000000003,0.2532406474639077,3.477,3.3823540000000003,3.5738259033596296,4.142075942391724,-3.793,0.311968122075154,3.793,4.728904366225462
146,O=S(=O)(c1ccnc2ccccc12)N1CCN(CC(F)(F)F)CC1,-5.48,0.0,-5.0156889,0.1780556557294295,5.48,5.0156889,5.48,5.549855867188288,-5.158,0.012484217730421136,5.158,5.195452653191264
147,O=S(=O)(c1ccnc2ccccc12)N1CCN(CCF)CC1,-5.143,0.0153417281640524,-4.720753200000001,0.2633823612256208,5.143,4.720753200000001,5.189025184492157,5.510900283676864,-5.005,0.10408889992076145,5.005,5.317266699762285
148,O=S(=O)(c1ccnc2ccccc12)N1CCNC(CF)C1,-5.261,0.0,-4.9689149,0.2182129952437117,5.261,4.9689149,5.261,5.623553885731135,-4.98,0.311968122075154,4.98,5.915904366225463
149,O=S(=O)(c1ccnc2ccccc12)N1CCNC(c2ccccn2)C1,-6.446,0.0128820733163923,-5.6700153,0.2291364600484845,6.446,5.6700153,6.484646219949177,6.357424680145454,-6.035,0.10408889992076145,6.035,6.347266699762285
150,O=S(=O)(c1ccnc2ccccc12)N1CCNCC1,-5.219,0.0012425148500565,-4.895111100000001,0.2368473657905336,5.219,4.895111100000001,5.22272754455017,5.605653197371602,-4.888,0.35479684803403483,4.888,5.952390544102104
151,O=S(=O)(c1ccnc2ccccc12)N1CCOCC1,-4.807,0.0,-4.6502168,0.2765903492437548,4.807,4.6502168,4.807,5.479987847731264,-4.628,0.40959426691584166,4.628,5.856782800747525
152,O=S(=O)(c1ccnc2ccccc12)N1CC[C@@H](N2CCCC2)C1,-5.592,0.0,-5.1534695,0.2397835517904032,5.592,5.1534695,5.592,5.87282015537121,-5.323,0.27023158120058327,5.323,6.13369474360175
153,O=S(=O)(c1ccnc2ccccc12)[C@H]1CNC[C@@H](F)C1,-5.136,0.0,-4.964910099999999,0.2232802025832746,5.136,4.964910099999999,5.136,5.634750707749823,-5.173,0.010100527938747649,5.173,5.203301583816243
154,O=S(=O)(c1ccnc2cccnc12)N1CCC(N2CCCC2)CC1,-5.418,0.0,-4.964614399999999,0.1509669684949328,5.418,4.964614399999999,5.418,5.417515305484798,-4.991,0.29562759664540444,4.991,5.877882789936213
155,O=S(=O)(c1ccncc1)N1CCNCC1,-4.2,0.0153417281640524,-3.9351057,0.2018401114619119,4.2,3.9351057,4.246025184492157,4.5406260343857365,-4.154,0.31293143120110445,4.154,5.092794293603314
156,O=S(=O)(c1cnc2ccccc2c1)N1CCCNCC1,-3.743,0.0,-3.5152922,0.2707997146123906,3.743,3.5152922,3.743,4.327691343837172,-3.865,0.16839390242018934,3.865,4.370181707260568
157,O=S(=O)(c1cnc2ccccc2c1)N1CCN(CCO)CC1,-5.174,0.0,-4.919639,0.1708766683525427,5.174,4.919639,5.174,5.432269005057629,-5.122,0.008481165879740595,5.122,5.147443497639221
158,O=S(=O)(c1cnc2ccccc2c1)N1CCNCC1,-5.243,0.0,-4.9325075,0.2356002280245988,5.243,4.9325075,5.243,5.639308184073796,-5.133,0.311968122075154,5.133,6.068904366225462
159,O=S(=O)(c1cncc2ccccc12)N1CCCNCC1,-3.971,0.0189433977906277,-3.6031357,0.2282826835158423,3.971,3.6031357,4.027830193371884,4.287983750547527,-3.71,0.311968122075154,3.71,4.645904366225462
160,O=S(=O)(c1cncc2cccnc12)N1CCNCC1,-4.711,0.0013507978422093,-4.7551844,0.1677919128469481,4.711,4.7551844,4.715052393526628,5.258560138540845,-4.97,0.40959426691584166,4.97,6.198782800747525
161,O=S(=O)(c1cnccc1Br)N1CCNCC1,-4.568,0.0153417281640524,-4.115343200000001,0.1343580755634424,4.568,4.115343200000001,4.6140251844921565,4.518417426690328,-4.128,0.2560771669766011,4.128,4.896231500929804
162,O=S(=O)(c1csc2cnccc12)N1CCCNCC1,-3.265,0.0169609591860428,-3.1654329000000003,0.2466460042132347,3.265,3.1654329000000003,3.3158828775581286,3.9053709126397047,-3.314,0.0,3.314,3.314
163,O=S(=O)(c1sc2ccccc2c1Cl)N1CCNCC1,-5.085,0.0169609591860428,-4.753439900000001,0.2858971189421961,5.085,4.753439900000001,5.135882877558129,5.611131256826589,-4.798,0.31196812207515406,4.798,5.733904366225462
164,O=[N+]([O-])c1ccc(S(=O)(=O)N2CCCNCC2)cc1,-3.498,0.0,-3.2573554,0.1906265027227887,3.498,3.2573554,3.498,3.829234908168366,-3.552,0.31196812207515406,3.552,4.487904366225463
165,O=[N+]([O-])c1ccc2c(S(=O)(=O)N3CCNCC3)ccnc2c1,-5.695,0.0,-5.0063562,0.2587440971599526,5.695,5.0063562,5.695,5.782588491479858,-4.87,0.40959426691584166,4.87,6.098782800747525
166,O=[N+]([O-])c1ccc2nccc(S(=O)(=O)N3CCCNCC3)c2c1,-3.755,0.176255270514464,-3.5981907000000004,0.2135089096654475,3.755,3.5981907000000004,4.283765811543391,4.238717428996343,-3.771,0.0,3.771,3.771
167,O=[N+]([O-])c1cccc(S(=O)(=O)N2CCCNCC2)c1,-3.383,0.0,-3.3487812,0.2653399510783183,3.383,3.3487812,3.383,4.144801053234955,-3.473,0.4844101046632692,3.473,4.926230313989808
168,O=[N+]([O-])c1ccccc1S(=O)(=O)N1CCNCC1,-4.508,0.0,-4.33254,0.1252538022124245,4.508,4.33254,4.508,4.708301406637274,-4.104,0.31196812207515406,4.104,5.039904366225462
169,S=c1[nH]c(=S)n(CCCN2CCNCC2)c2ccccc12,-5.14,0.0322753011198765,-4.9242497,0.1592008574353869,5.14,4.9242497,5.236825903359629,5.401852272306161,-5.244,0.22586050243666442,5.244,5.921581507309993
170,S=c1c(N2CCNCC2)c(NCc2ccccc2)cnc2ccccc12,-5.931,0.0119260540123342,-5.748160700000001,0.2506392317854466,5.931,5.748160700000001,5.966778162037003,6.50007839535634,-5.657,0.35479684803403483,5.657,6.721390544102104
171,c1ccc2c(c1)SCC1CCNCCN21,-3.529,0.0,-3.3064132,0.2531916375831452,3.529,3.3064132,3.529,4.065988112749436,-3.519,0.3406424338100526,3.519,4.540927301430158
