cand_id,receptor,energy,tanimoto,n_contacts,status
14,receptor_06,-5.793,0.18797674396402764,10,ok
14,receptor_07,-5.194,0.4095942669158418,8,ok
14,receptor_08,-5.089,0.23834472016708563,9,ok
14,receptor_09,-5.218,0.39325374148609216,7,ok
14,receptor_10,-5.52,0.0,9,ok
15,1xq8,-3.678,0.02496843546084227,7,ok
15,receptor_01,-3.735,0.0,10,ok
15,receptor_02,-3.86,0.31293143120110456,10,ok
15,receptor_03,-3.355,0.2133762847062433,7,ok
15,receptor_04,-3.685,0.3254156489315256,11,ok
15,receptor_05,-3.244,0.24192275275261887,6,ok
15,receptor_06,-3.655,0.24192275275261887,6,ok
15,receptor_07,-3.173,0.2702315812005834,8,ok
15,receptor_08,-3.624,0.2078166063305435,9,ok
15,receptor_09,-3.443,0.32648801958607043,7,ok
15,receptor_10,-3.332,0.3204472794106291,7,ok
16,1xq8,-5.143,0.0,8,ok
16,receptor_01,-4.839,0.07179272660723157,9,ok
16,receptor_02,-5.51,0.34064243381005266,8,ok
16,receptor_03,-4.521,0.22586050243666447,8,ok
23,receptor_07,-2.97,0.5453773437325407,4,ok
23,receptor_08,-3.751,0.21337628470624329,7,ok
23,receptor_09,-3.325,0.581290365834581,5,ok
23,receptor_10,-3.326,0.14586538590177534,6,ok
24,1xq8,-3.77,0.0,8,ok
24,receptor_01,-3.647,0.07864664381796138,8,ok
24,receptor_02,-3.735,0.43441394968106634,9,ok
24,receptor_03,-3.163,0.36895172338210314,6,ok
24,receptor_04,-3.901,0.30044721347068337,9,ok
24,receptor_05,-3.62,0.4751127915684878,6,ok
24,receptor_06,-3.547,0.4457595850000913,5,ok
24,receptor_07,-3.091,0.26342194335558616,7,ok
24,receptor_08,-3.514,0.2323386078563253,8,ok
24,receptor_09,-3.437,0.25607716697660104,7,ok
24,receptor_10,-3.33,0.25607716697660104,7,ok
25,1xq8,-5.498,0.0,6,ok
25,receptor_01,-5.051,0.0,7,ok
25,receptor_02,-5.349,0.4514045634344202,5,ok
25,receptor_03,-4.43,0.33030120371892524,4,ok
25,receptor_04,-4.922,0.31196812207515406,7,ok
27,receptor_03,-4.715,0.2702315812005833,8,ok
27,receptor_04,-5.152,0.35479684803403483,9,ok
27,receptor_05,-4.591,0.19085564714450062,8,ok
27,receptor_06,-5.057,0.5453773437325408,4,ok
27,receptor_07,-4.35,0.31196812207515406,7,ok
27,receptor_08,-4.95,0.20781660633054344,9,ok
27,receptor_09,-4.802,0.20202222761670555,9,ok
27,receptor_10,-4.582,0.31196812207515406,7,ok
28,1xq8,-5.035,0.01696095918604283,7,ok
28,receptor_01,-5.297,0.0,7,ok
28,receptor_02,-5.604,0.3762960386370022,10,ok
28,receptor_03,-4.583,0.010100527938747649,8,ok
28,receptor_04,-5.173,0.40959426691584166,8,ok
28,receptor_05,-4.643,0.5926654300846984,6,ok
28,receptor_06,-5.011,0.4650848448316803,6,ok
28,receptor_07,-4.351,0.10969119850850179,7,ok
28,receptor_08,-4.85,0.28796299574026224,8,ok
28,receptor_09,-4.645,0.22586050243666442,8,ok
28,receptor_10,-4.588,0.014154414223982233,5,ok
29,1xq8,-5.004,0.0,6,ok
41,receptor_09,-3.281,0.24192275275261882,6,ok
41,receptor_10,-3.107,0.03268105085949928,5,ok
42,1xq8,-5.01,0.0,6,ok
42,receptor_01,-5.343,0.07179272660723157,9,ok
42,receptor_02,-5.607,0.4650848448316802,6,ok
42,receptor_03,-4.786,0.30410675398087944,6,ok
42,receptor_04,-5.425,0.23834472016708552,9,ok
42,receptor_05,-4.861,0.40833287668730706,7,ok
42,receptor_06,-4.806,0.44002949918430284,4,ok
42,receptor_07,-4.237,0.32044727941062906,7,ok
42,receptor_08,-5.048,0.17263501579997517,9,ok
42,receptor_09,-5.141,0.18273554373872283,10,ok
42,receptor_10,-4.824,0.0,7,ok
43,1xq8,-5.741,0.0,9,ok
43,receptor_01,-5.232,0.0,8,ok
43,receptor_02,-5.749,0.31293143120110445,10,ok
43,receptor_03,-4.992,0.23834472016708552,9,ok
43,receptor_04,-5.495,0.311968122075154,7,ok
43,receptor_05,-4.951,0.3004472134706833,9,ok
43,receptor_06,-5.513,0.24192275275261882,6,ok
34,receptor_06,-5.201,0.3769132160563425,6,ok
34,receptor_07,-4.328,0.23834472016708558,9,ok
34,receptor_08,-4.914,0.23233860785632535,8,ok
34,receptor_09,-5.246,0.15343855964472092,12,ok
34,receptor_10,-5.164,0.0,8,ok
35,1xq8,-5.159,0.0,6,ok
35,receptor_01,-5.597,0.0,8,ok
35,receptor_02,-5.293,0.3762960386370022,10,ok
35,receptor_03,-4.63,0.012484217730421139,6,ok
35,receptor_04,-5.185,0.4095942669158417,8,ok
35,receptor_05,-4.716,0.22586050243666445,8,ok
35,receptor_06,-5.052,0.24967952183112735,5,ok
35,receptor_07,-4.355,0.3194095366207654,10,ok
35,receptor_08,-4.965,0.18797674396402764,10,ok
35,receptor_09,-4.971,0.2560771669766011,7,ok
35,receptor_10,-4.774,0.40173289882156704,7,ok
36,1xq8,-5.252,0.0,9,ok
36,receptor_01,-5.159,0.0,9,ok
36,receptor_02,-5.323,0.3762960386370022,10,ok
36,receptor_03,-4.854,0.10408889992076147,9,ok
54,receptor_06,-4.623,0.3769132160563425,6,ok
54,receptor_07,-3.989,0.3041067539808795,6,ok
54,receptor_08,-4.829,0.20781660633054352,9,ok
54,receptor_09,-4.572,0.18273554373872286,10,ok
54,receptor_10,-4.447,0.0,6,ok
55,1xq8,-5.107,0.0,9,ok
55,receptor_01,-5.139,0.008481165879740597,10,ok
55,receptor_02,-5.526,0.3129314312011045,10,ok
55,receptor_03,-4.649,0.16191972552446152,13,ok
55,receptor_04,-4.975,0.40959426691584166,8,ok
55,receptor_05,-4.484,0.1668104612756761,11,ok
55,receptor_06,-4.675,0.20781660633054352,9,ok
55,receptor_07,-4.533,0.17603074590185364,12,ok
55,receptor_08,-4.981,0.17159490008453385,11,ok
55,receptor_09,-4.624,0.009220284626177593,9,ok
55,receptor_10,-4.674,0.16191972552446152,13,ok
56,1xq8,-4.68,0.0,11,ok
56,receptor_01,-4.544,0.01696233175948119,11,ok
56,receptor_02,-4.758,0.22351952800557537,13,ok
56,receptor_03,-3.952,0.018440569252355186,10,ok
49,receptor_01,-4.489,0.0,8,ok
49,receptor_02,-4.974,0.35479684803403483,9,ok
49,receptor_03,-4.331,0.31196812207515406,7,ok
49,receptor_04,-4.556,0.28438599542456555,9,ok
49,receptor_05,-4.173,0.2131888080889105,10,ok
49,receptor_06,-4.624,0.1726350157999752,9,ok
49,receptor_07,-3.954,0.31196812207515406,7,ok
49,receptor_08,-4.78,0.23233860785632537,8,ok
49,receptor_09,-4.449,0.27757635757956844,8,ok
49,receptor_10,-4.13,0.12217541623892292,8,ok
50,1xq8,-5.341,0.0,8,ok
50,receptor_01,-5.405,0.0,8,ok
50,receptor_02,-5.649,0.28569770019103513,11,ok
50,receptor_03,-4.771,0.31196812207515406,7,ok
50,receptor_04,-5.362,0.31196812207515406,7,ok
50,receptor_05,-4.917,0.2702315812005833,8,ok
50,receptor_06,-5.557,0.19075601496218159,7,ok
50,receptor_07,-4.71,0.47511279156848785,6,ok
50,receptor_08,-5.334,0.18797674396402766,10,ok
50,receptor_09,-5.059,0.19075601496218159,7,ok
1,receptor_09,-4.625,0.25607716697660104,7,ok
1,receptor_10,-5.255,0.1928360716774705,11,ok
2,1xq8,-4.292,0.0,11,ok
2,receptor_01,-3.85,0.0869473439792289,7,ok
2,receptor_02,-4.185,0.3194095366207653,10,ok
2,receptor_03,-3.855,0.22586050243666442,8,ok
2,receptor_04,-3.915,0.35479684803403483,9,ok
2,receptor_05,-3.608,0.2131888080889105,10,ok
2,receptor_06,-4.105,0.20331847212808005,11,ok
2,receptor_07,-3.384,0.31196812207515406,7,ok
2,receptor_08,-3.689,0.19085564714450062,8,ok
2,receptor_09,-3.629,0.25607716697660104,7,ok
2,receptor_10,-3.359,0.0,8,ok
3,1xq8,-5.139,0.0,7,ok
3,receptor_01,-5.089,0.0,7,ok
3,receptor_02,-5.533,0.25318147536444957,12,ok
3,receptor_03,-4.86,0.2702315812005833,8,ok
3,receptor_04,-5.32,0.31293143120110445,10,ok
3,receptor_05,-4.898,0.2702315812005833,8,ok
3,receptor_06,-5.278,0.20202222761670555,9,ok
32,receptor_08,-4.208,0.08694734397922892,7,ok
32,receptor_09,-4.295,0.19283607167747044,11,ok
32,receptor_10,-4.157,0.23834472016708552,9,ok
33,1xq8,-4.861,0.0,8,ok
33,receptor_01,-4.99,0.08101301123340916,10,ok
33,receptor_02,-5.239,0.31293143120110456,10,ok
33,receptor_03,-4.377,0.19085564714450065,8,ok
33,receptor_04,-4.741,0.24308094742570194,11,ok
33,receptor_05,-4.72,0.34064243381005255,8,ok
33,receptor_06,-5.242,0.10390830316527176,8,ok
33,receptor_07,-4.138,0.36214162441301995,9,ok
33,receptor_08,-4.991,0.2133762847062433,7,ok
33,receptor_09,-4.774,0.15343855964472092,12,ok
33,receptor_10,-4.598,0.06603766022429398,10,ok
34,1xq8,-5.258,0.0,10,ok
34,receptor_01,-5.245,0.06603766022429398,10,ok
34,receptor_02,-5.464,0.29686428066323994,12,ok
34,receptor_03,-5.099,0.018440569252355182,10,ok
34,receptor_04,-5.312,0.3689517233821031,6,ok
34,receptor_05,-4.627,0.4017328988215671,7,ok
29,receptor_01,-5.106,0.0,8,ok
29,receptor_02,-5.549,0.243080947425702,11,ok
29,receptor_03,-4.431,0.2702315812005834,8,ok
29,receptor_04,-5.112,0.3119681220751541,7,ok
29,receptor_05,-4.374,0.29562759664540444,6,ok
29,receptor_06,-4.814,0.5453773437325409,4,ok
29,receptor_07,-4.193,0.16001980012575756,7,ok
29,receptor_08,-4.696,0.23594414598879124,11,ok
29,receptor_09,-4.627,0.18273554373872286,10,ok
29,receptor_10,-4.544,0.0,7,ok
30,1xq8,-5.232,0.0,9,ok
30,receptor_01,-4.907,0.0,7,ok
30,receptor_02,-5.74,0.37629603863700223,10,ok
30,receptor_03,-4.551,0.2702315812005834,8,ok
30,receptor_04,-5.192,0.3689517233821032,6,ok
30,receptor_05,-4.616,0.184734427849939,6,ok
30,receptor_06,-4.93,0.20202222761670557,9,ok
30,receptor_07,-4.28,0.24192275275261885,6,ok
30,receptor_08,-4.671,0.23233860785632535,8,ok
30,receptor_09,-4.67,0.29562759664540444,6,ok
10,receptor_10,-4.946,0.19283607167747044,11,ok
11,1xq8,-5.278,0.01400472343503534,9,ok
11,receptor_01,-5.109,0.0,9,ok
11,receptor_02,-5.107,0.35479684803403483,9,ok
11,receptor_03,-4.654,0.311968122075154,7,ok
11,receptor_04,-5.054,0.21318880808891044,10,ok
11,receptor_05,-4.748,0.22586050243666442,8,ok
11,receptor_06,-5.006,0.1543337756689929,9,ok
11,receptor_07,-4.244,0.27023158120058327,8,ok
11,receptor_08,-4.978,0.1578394670813727,12,ok
11,receptor_09,-4.588,0.3264880195860704,7,ok
11,receptor_10,-4.553,0.09811392445143383,8,ok
12,1xq8,-4.877,0.012882073316392378,10,ok
12,receptor_01,-4.835,0.0,7,ok
12,receptor_02,-5.323,0.2799033214771972,11,ok
12,receptor_03,-4.715,0.27023158120058327,8,ok
12,receptor_04,-4.915,0.35479684803403483,9,ok
12,receptor_05,-4.635,0.23834472016708552,9,ok
12,receptor_06,-4.868,0.20202222761670555,9,ok
12,receptor_07,-4.21,0.16839390242018937,5,ok
7,receptor_03,-3.537,0.17687305975566434,5,ok
7,receptor_04,-3.94,0.35479684803403483,9,ok
7,receptor_05,-3.529,0.31293143120110445,10,ok
7,receptor_06,-3.67,0.25607716697660104,7,ok
7,receptor_07,-3.216,0.7485826114484703,4,ok
7,receptor_08,-3.56,0.0869473439792289,7,ok
7,receptor_09,-3.558,0.012484217730421136,6,ok
7,receptor_10,-4.051,0.0,8,ok
8,1xq8,-3.459,0.0,10,ok
8,receptor_01,-4.156,0.0,7,ok
8,receptor_02,-4.062,0.3621416244130199,9,ok
8,receptor_03,-3.432,0.011166580472204925,7,ok
8,receptor_04,-3.359,0.4844101046632692,7,ok
8,receptor_05,-3.516,0.35479684803403483,9,ok
8,receptor_06,-3.758,0.20202222761670552,9,ok
8,receptor_07,-2.982,0.311968122075154,7,ok
8,receptor_08,-3.453,0.21337628470624329,7,ok
8,receptor_09,-3.433,0.25607716697660104,7,ok
8,receptor_10,-3.913,0.0,7,ok
9,1xq8,-3.659,0.0,7,ok
40,1xq8,-5.185,0.0,7,ok
40,receptor_01,-4.957,0.0,7,ok
40,receptor_02,-5.439,0.33189375435118645,11,ok
40,receptor_03,-4.576,0.02233316094440985,8,ok
40,receptor_04,-5.142,0.3406424338100526,8,ok
40,receptor_05,-4.825,0.4751127915684878,6,ok
40,receptor_06,-4.898,0.19075601496218156,7,ok
40,receptor_07,-4.167,0.33393610608800484,6,ok
40,receptor_08,-4.725,0.10969119850850179,7,ok
40,receptor_09,-5.186,0.40173289882156704,7,ok
40,receptor_10,-4.363,0.27928707121565477,5,ok
41,1xq8,-3.623,0.0,6,ok
41,receptor_01,-3.576,0.009220284626177591,9,ok
41,receptor_02,-3.66,0.3762960386370021,10,ok
41,receptor_03,-3.186,0.27928707121565477,5,ok
41,receptor_04,-3.451,0.12217541623892292,8,ok
41,receptor_05,-3.164,0.3882769832136921,7,ok
41,receptor_06,-3.437,0.19085564714450062,8,ok
41,receptor_07,-2.921,0.0,5,ok
41,receptor_08,-3.414,0.23233860785632532,8,ok
20,1xq8,-3.513,0.0,6,ok
20,receptor_01,-3.557,0.0,7,ok
20,receptor_02,-3.956,0.4095942669158417,8,ok
20,receptor_03,-3.336,0.27023158120058327,8,ok
20,receptor_04,-3.646,0.21572445042302385,9,ok
20,receptor_05,-3.27,0.5204190289809193,2,ok
20,receptor_06,-3.54,0.44575958500009144,5,ok
20,receptor_07,-3.065,0.1096911985085018,7,ok
20,receptor_08,-3.586,0.2133762847062433,7,ok
20,receptor_09,-3.293,0.22586050243666445,8,ok
20,receptor_10,-3.277,0.44002949918430295,4,ok
21,1xq8,-4.288,0.0,10,ok
21,receptor_01,-3.978,0.0,7,ok
21,receptor_02,-4.389,0.26852320352850206,13,ok
21,receptor_03,-3.797,0.09884769969545669,10,ok
21,receptor_04,-3.953,0.2823605726906266,7,ok
21,receptor_05,-3.828,0.12865352165858382,7,ok
21,receptor_06,-3.93,0.2792870712156548,5,ok
21,receptor_07,-3.293,0.5453773437325409,4,ok
21,receptor_08,-3.83,0.19085564714450065,8,ok
30,receptor_10,-4.441,0.0,6,ok
31,1xq8,-3.376,0.0,7,ok
31,receptor_01,-3.425,0.0,9,ok
31,receptor_02,-3.869,0.2799033214771972,11,ok
31,receptor_03,-3.239,0.34962646355051424,5,ok
31,receptor_04,-3.684,0.28236057269062664,7,ok
31,receptor_05,-3.391,0.4650848448316804,6,ok
31,receptor_06,-3.606,0.3004472134706834,9,ok
31,receptor_07,-2.758,0.16839390242018937,5,ok
31,receptor_08,-3.515,0.2792870712156548,5,ok
31,receptor_09,-3.301,0.2560771669766011,7,ok
31,receptor_10,-3.046,0.40411647708226256,3,ok
32,1xq8,-4.778,0.0013507978422093825,9,ok
32,receptor_01,-4.328,0.0,9,ok
32,receptor_02,-4.757,0.2637851487368285,10,ok
32,receptor_03,-4.096,0.20202222761670557,9,ok
32,receptor_04,-4.841,0.3882769832136921,7,ok
32,receptor_05,-4.105,0.23834472016708563,9,ok
32,receptor_06,-4.369,0.18273554373872286,10,ok
32,receptor_07,-3.876,0.23834472016708563,9,ok
50,receptor_10,-4.893,0.020201055877495298,9,ok
51,1xq8,-4.697,0.0,10,ok
51,receptor_01,-4.449,0.06603766022429397,10,ok
51,receptor_02,-4.626,0.24482282558674645,9,ok
51,receptor_03,-3.82,0.15047399857526442,3,ok
51,receptor_04,-4.284,0.028308828447964465,6,ok
51,receptor_05,-4.016,0.12217541623892292,8,ok
51,receptor_06,-4.471,0.17263501579997517,9,ok
51,receptor_07,-3.848,0.012484217730421136,6,ok
51,receptor_08,-4.261,0.1879767439640276,10,ok
51,receptor_09,-4.033,0.21337628470624329,7,ok
51,receptor_10,-3.9,0.0869473439792289,7,ok
52,1xq8,-4.916,0.0,9,ok
52,receptor_01,-4.931,0.0,7,ok
52,receptor_02,-5.464,0.24308094742570194,11,ok
52,receptor_03,-4.476,0.37691321605634237,6,ok
52,receptor_04,-4.932,0.31293143120110445,10,ok
52,receptor_05,-4.57,0.27023158120058327,8,ok
52,receptor_06,-4.796,0.1543337756689929,9,ok
52,receptor_07,-4.161,0.311968122075154,7,ok
38,receptor_02,-5.422,0.3547968480340348,9,ok
38,receptor_03,-4.773,0.01696233175948119,11,ok
38,receptor_04,-4.929,0.4095942669158416,8,ok
38,receptor_05,-4.489,0.20202222761670552,9,ok
38,receptor_06,-4.822,0.23298041948695428,10,ok
38,receptor_07,-4.36,0.10423801929462208,11,ok
38,receptor_08,-4.727,0.20781660633054344,9,ok
38,receptor_09,-4.545,0.10390830316527172,7,ok
38,receptor_10,-4.459,0.26342194335558616,7,ok
39,1xq8,-4.851,0.0,4,ok
39,receptor_01,-4.982,0.0,8,ok
39,receptor_02,-5.216,0.4095942669158416,8,ok
39,receptor_03,-4.691,0.012484217730421136,6,ok
39,receptor_04,-5.055,0.4844101046632691,7,ok
39,receptor_05,-4.374,0.2956275966454044,6,ok
39,receptor_06,-4.78,0.21627623851124458,6,ok
39,receptor_07,-4.149,0.2956275966454044,6,ok
39,receptor_08,-4.72,0.37691321605634237,6,ok
39,receptor_09,-4.501,0.29528558642482694,4,ok
39,receptor_10,-4.34,0.0,7,ok
56,receptor_04,-4.541,0.23834472016708558,9,ok
56,receptor_05,-4.022,0.4751127915684878,6,ok
56,receptor_06,-4.426,0.20202222761670555,9,ok
56,receptor_07,-3.804,0.15343855964472092,12,ok
56,receptor_08,-4.258,0.33030120371892524,4,ok
56,receptor_09,-4.532,0.1134583039207997,12,ok
56,receptor_10,-4.178,0.03745265319126342,8,ok
57,1xq8,-5.547,0.0,15,ok
57,receptor_01,-5.323,0.016962331759481194,11,ok
57,receptor_02,-5.272,0.2799033214771971,11,ok
57,receptor_03,-4.856,0.23834472016708558,9,ok
57,receptor_04,-4.986,0.4844101046632691,7,ok
57,receptor_05,-4.793,0.23834472016708558,9,ok
57,receptor_06,-4.974,0.16967550383304536,10,ok
57,receptor_07,-4.501,0.07864664381796138,8,ok
57,receptor_08,-4.832,0.09720698077808064,6,ok
57,receptor_09,-4.776,0.24308094742570194,11,ok
57,receptor_10,-4.919,0.1928360716774705,11,ok
58,1xq8,-5.248,0.0,12,ok
58,receptor_01,-4.978,0.0,9,ok
12,receptor_08,-4.668,0.2323386078563253,8,ok
12,receptor_09,-4.476,0.24308094742570194,11,ok
12,receptor_10,-5.099,0.0,8,ok
13,1xq8,-3.677,0.0,8,ok
13,receptor_01,-3.666,0.06603766022429397,10,ok
13,receptor_02,-3.686,0.4344139496810663,9,ok
13,receptor_03,-3.55,0.23834472016708558,9,ok
13,receptor_04,-3.404,0.35479684803403483,9,ok
13,receptor_05,-3.264,0.02496843546084227,7,ok
13,receptor_06,-3.588,0.008481165879740595,10,ok
13,receptor_07,-3.129,0.2560771669766011,7,ok
13,receptor_08,-3.457,0.20781660633054344,9,ok
13,receptor_09,-3.367,0.25607716697660104,7,ok
13,receptor_10,-3.696,0.0,7,ok
14,1xq8,-5.715,0.0,8,ok
14,receptor_01,-5.635,0.0,11,ok
14,receptor_02,-6.085,0.29686428066324,12,ok
14,receptor_03,-5.75,0.3004472134706833,9,ok
14,receptor_04,-5.749,0.31293143120110445,10,ok
14,receptor_05,-5.523,0.1928360716774705,11,ok
16,receptor_04,-4.896,0.19295597749796828,10,ok
16,receptor_05,-4.566,0.4944380514000767,7,ok
16,receptor_06,-4.975,0.20202222761670557,9,ok
16,receptor_07,-4.232,0.44575958500009133,5,ok
16,receptor_08,-4.971,0.2078166063305435,9,ok
16,receptor_09,-5.152,0.18273554373872286,10,ok
16,receptor_10,-4.923,0.0,7,ok
17,1xq8,-3.781,0.0,7,ok
17,receptor_01,-3.49,0.0,7,ok
17,receptor_02,-3.879,0.2856977001910351,11,ok
17,receptor_03,-3.114,0.3479872101890377,8,ok
17,receptor_04,-3.46,0.3283086475049037,8,ok
17,receptor_05,-3.043,0.10928050492363876,9,ok
17,receptor_06,-3.507,0.24192275275261885,6,ok
17,receptor_07,-3.086,0.08101301123340918,10,ok
17,receptor_08,-3.264,0.2513009310064074,9,ok
17,receptor_09,-3.332,0.2792870712156548,5,ok
17,receptor_10,-3.149,0.0,7,ok
18,1xq8,-4.33,0.0,5,ok
18,receptor_01,-4.314,0.0,5,ok
47,receptor_03,-3.578,0.3303012037189253,4,ok
47,receptor_04,-3.594,0.1096911985085018,7,ok
47,receptor_05,-3.701,0.3769132160563425,6,ok
47,receptor_06,-4.107,0.20202222761670557,9,ok
47,receptor_07,-3.234,0.08694734397922892,7,ok
47,receptor_08,-3.914,0.015341728164052434,8,ok
47,receptor_09,-3.96,0.1668104612756761,11,ok
47,receptor_10,-3.351,0.20202222761670557,9,ok
48,1xq8,-5.777,0.0,6,ok
48,receptor_01,-5.224,0.0,9,ok
48,receptor_02,-5.987,0.26852320352850206,13,ok
48,receptor_03,-4.77,0.2560771669766011,7,ok
48,receptor_04,-4.983,0.35479684803403483,9,ok
48,receptor_05,-5.136,0.2133762847062433,7,ok
48,receptor_06,-5.476,0.08694734397922892,7,ok
48,receptor_07,-4.863,0.22477756551658631,10,ok
48,receptor_08,-5.581,0.18081518471071142,12,ok
48,receptor_09,-5.198,0.3479872101890377,8,ok
48,receptor_10,-5.209,0.0,7,ok
49,1xq8,-4.929,0.0,10,ok
0,1xq8,-4.061,0.015341728164052432,8,ok
0,receptor_01,-3.995,0.0,10,ok
0,receptor_02,-4.237,0.27757635757956844,8,ok
0,receptor_03,-3.597,0.27928707121565477,5,ok
0,receptor_04,-4.058,0.36895172338210314,6,ok
0,receptor_05,-3.617,0.44002949918430284,4,ok
0,receptor_06,-4.07,0.32892643674610406,7,ok
0,receptor_07,-3.17,0.23853361828045372,5,ok
0,receptor_08,-3.792,0.13852060952279022,7,ok
0,receptor_09,-3.865,0.24192275275261882,6,ok
0,receptor_10,-3.827,0.3890076168557181,6,ok
1,1xq8,-5.201,0.0,7,ok
1,receptor_01,-5.045,0.0,8,ok
1,receptor_02,-5.576,0.3194095366207653,10,ok
1,receptor_03,-4.812,0.2702315812005833,8,ok
1,receptor_04,-5.059,0.25082893789750677,10,ok
1,receptor_05,-4.598,0.2560771669766011,7,ok
1,receptor_06,-4.886,0.16681046127567606,11,ok
1,receptor_07,-4.964,0.20202222761670552,9,ok
1,receptor_08,-4.913,0.21337628470624329,7,ok
21,receptor_09,-3.812,0.16839390242018934,5,ok
21,receptor_10,-3.909,0.0,7,ok
22,1xq8,-3.774,0.0,5,ok
22,receptor_01,-3.682,0.0,6,ok
22,receptor_02,-3.758,0.3621416244130199,9,ok
22,receptor_03,-3.415,0.2702315812005833,8,ok
22,receptor_04,-3.766,0.4844101046632692,7,ok
22,receptor_05,-3.489,0.31196812207515406,7,ok
22,receptor_06,-3.683,0.25607716697660104,7,ok
22,receptor_07,-3.156,0.2702315812005833,8,ok
22,receptor_08,-3.716,0.20781660633054344,9,ok
22,receptor_09,-3.318,0.21337628470624329,7,ok
22,receptor_10,-3.237,0.24192275275261882,6,ok
23,1xq8,-3.596,0.0,7,ok
23,receptor_01,-3.585,0.0,8,ok
23,receptor_02,-3.929,0.40959426691584166,8,ok
23,receptor_03,-3.492,0.29562759664540444,6,ok
23,receptor_04,-4.145,0.42593479234559123,9,ok
23,receptor_05,-3.212,0.2956275966454044,6,ok
23,receptor_06,-3.658,0.4457595850000913,5,ok
3,receptor_07,-4.563,0.3119681220751541,7,ok
3,receptor_08,-4.718,0.27928707121565477,5,ok
3,receptor_09,-4.757,0.15759017664949845,10,ok
3,receptor_10,-4.892,0.08740089942042695,11,ok
4,1xq8,-5.96,0.0009408365554456228,14,ok
4,receptor_01,-5.958,0.05691309664449005,12,ok
4,receptor_02,-6.247,0.2637851487368285,10,ok
4,receptor_03,-5.548,0.1760307459018537,12,ok
4,receptor_04,-5.409,0.2243553885611154,11,ok
4,receptor_05,-5.482,0.19283607167747052,11,ok
4,receptor_06,-6.005,0.19481990814574676,13,ok
4,receptor_07,-5.255,0.26852320352850206,13,ok
4,receptor_08,-5.831,0.24711072646099616,12,ok
4,receptor_09,-5.761,0.1760307459018537,12,ok
4,receptor_10,-5.895,0.0,8,ok
5,1xq8,-5.455,0.0,10,ok
5,receptor_01,-5.059,0.07179272660723157,9,ok
5,receptor_02,-5.639,0.27990332147719715,11,ok
5,receptor_03,-4.731,0.18273554373872283,10,ok
5,receptor_04,-4.868,0.40959426691584166,8,ok
5,receptor_05,-4.716,0.2799033214771971,11,ok
5,receptor_06,-4.92,0.2560771669766011,7,ok
5,receptor_07,-4.313,0.34962646355051424,5,ok
5,receptor_08,-5.087,0.2634219433555862,7,ok
5,receptor_09,-4.846,0.2879629957402622,8,ok
5,receptor_10,-5.073,0.0,8,ok
6,1xq8,-5.375,0.0,11,ok
6,receptor_01,-6.161,0.056913096644490055,12,ok
6,receptor_02,-6.323,0.1817611973091562,18,ok
6,receptor_03,-5.529,0.22586050243666447,8,ok
6,receptor_04,-5.874,0.20202222761670557,9,ok
6,receptor_05,-5.291,0.23834472016708563,9,ok
6,receptor_06,-5.489,0.1726350157999752,9,ok
6,receptor_07,-4.818,0.08694734397922892,7,ok
6,receptor_08,-5.136,0.1726350157999752,9,ok
6,receptor_09,-5.329,0.22586050243666447,8,ok
6,receptor_10,-5.425,0.0,10,ok
7,1xq8,-3.555,0.0,10,ok
7,receptor_01,-3.699,0.0786466438179614,8,ok
7,receptor_02,-4.072,0.3318937543511864,11,ok
9,receptor_01,-3.594,0.06603766022429397,10,ok
9,receptor_02,-4.012,0.3762960386370021,10,ok
9,receptor_03,-3.346,0.2131888080889105,10,ok
9,receptor_04,-3.861,0.2702315812005833,8,ok
9,receptor_05,-3.231,0.21337628470624329,7,ok
9,receptor_06,-3.666,0.22586050243666442,8,ok
9,receptor_07,-2.996,0.24967952183112735,5,ok
9,receptor_08,-3.831,0.20781660633054344,9,ok
9,receptor_09,-3.334,0.22586050243666442,8,ok
9,receptor_10,-3.775,0.0,8,ok
10,1xq8,-5.426,0.0013507978422093825,9,ok
10,receptor_01,-5.201,0.15759017664949845,10,ok
10,receptor_02,-5.692,0.26852320352850206,13,ok
10,receptor_03,-5.003,0.23834472016708558,9,ok
10,receptor_04,-5.328,0.36895172338210314,6,ok
10,receptor_05,-4.723,0.15267502374677244,8,ok
10,receptor_06,-5.197,0.25757016053278736,9,ok
10,receptor_07,-4.695,0.1928360716774705,11,ok
10,receptor_08,-4.884,0.21337628470624329,7,ok
10,receptor_09,-4.931,0.3769132160563424,6,ok
25,receptor_05,-4.346,0.2702315812005834,8,ok
25,receptor_06,-4.559,0.24192275275261885,6,ok
25,receptor_07,-4.225,0.3789796701189107,6,ok
25,receptor_08,-4.978,0.2634219433555862,7,ok
25,receptor_09,-4.463,0.3303012037189253,4,ok
25,receptor_10,-4.435,0.0,5,ok
26,1xq8,-4.611,0.0,7,ok
26,receptor_01,-4.976,0.01010052793874765,8,ok
26,receptor_02,-5.272,0.3789796701189107,6,ok
26,receptor_03,-4.544,0.011166580472204927,7,ok
26,receptor_04,-5.277,0.3119681220751541,7,ok
26,receptor_05,-4.708,0.3119681220751541,7,ok
26,receptor_06,-4.866,0.2792870712156548,5,ok
26,receptor_07,-3.925,0.3303012037189253,4,ok
26,receptor_08,-4.629,0.23233860785632537,8,ok
26,receptor_09,-4.504,0.24967952183112735,5,ok
26,receptor_10,-4.45,0.34962646355051424,5,ok
27,1xq8,-5.075,0.0,6,ok
27,receptor_01,-5.128,0.06603766022429398,10,ok
27,receptor_02,-5.363,0.3129314312011045,10,ok
43,receptor_07,-4.654,0.20169274252088903,6,ok
43,receptor_08,-5.186,0.17263501579997517,9,ok
43,receptor_09,-5.231,0.20202222761670555,9,ok
43,receptor_10,-4.848,0.22586050243666442,8,ok
44,1xq8,-4.88,0.0,6,ok
44,receptor_01,-4.959,0.07864664381796138,8,ok
44,receptor_02,-5.425,0.29686428066324,12,ok
44,receptor_03,-4.617,0.23834472016708558,9,ok
44,receptor_04,-5.367,0.5037353644948581,8,ok
44,receptor_05,-4.555,0.20202222761670555,9,ok
44,receptor_06,-4.979,0.2634219433555862,7,ok
44,receptor_07,-4.363,0.27928707121565477,5,ok
44,receptor_08,-4.816,0.4759425212863433,5,ok
44,receptor_09,-4.875,0.20202222761670555,9,ok
44,receptor_10,-4.703,0.184734427849939,6,ok
45,1xq8,-5.469,0.0,8,ok
45,receptor_01,-5.447,0.0,8,ok
45,receptor_02,-5.888,0.31293143120110445,10,ok
45,receptor_03,-4.699,0.2702315812005833,8,ok
45,receptor_04,-5.726,0.23834472016708558,9,ok
52,receptor_08,-4.704,0.35965441028732165,5,ok
52,receptor_09,-4.753,0.16681046127567606,11,ok
52,receptor_10,-5.098,0.0,7,ok
53,1xq8,-5.375,0.023896049569923396,9,ok
53,receptor_01,-4.977,0.0,7,ok
53,receptor_02,-5.086,0.41807342425131666,8,ok
53,receptor_03,-4.511,0.09884769969545668,10,ok
53,receptor_04,-4.792,0.2508289378975067,10,ok
53,receptor_05,-4.577,0.2702315812005833,8,ok
53,receptor_06,-4.794,0.19085564714450062,8,ok
53,receptor_07,-4.475,0.3689517233821031,6,ok
53,receptor_08,-4.945,0.20781660633054344,9,ok
53,receptor_09,-4.993,0.18273554373872283,10,ok
53,receptor_10,-4.576,0.0,6,ok
54,1xq8,-4.601,0.0,7,ok
54,receptor_01,-4.601,0.06603766022429397,10,ok
54,receptor_02,-4.838,0.4650848448316802,6,ok
54,receptor_03,-4.653,0.15267502374677244,8,ok
54,receptor_04,-5.043,0.36895172338210314,6,ok
54,receptor_05,-4.232,0.27928707121565477,5,ok
36,receptor_04,-5.336,0.36895126225801705,10,ok
36,receptor_05,-4.776,0.2702315812005833,8,ok
36,receptor_06,-5.203,0.1543337756689929,9,ok
36,receptor_07,-4.384,0.3539919995616198,6,ok
36,receptor_08,-4.922,0.21337628470624329,7,ok
36,receptor_09,-5.161,0.20781660633054347,9,ok
36,receptor_10,-4.737,0.018440569252355186,10,ok
37,1xq8,-5.08,0.0,5,ok
37,receptor_01,-5.154,0.0,6,ok
37,receptor_02,-5.02,0.40959426691584166,8,ok
37,receptor_03,-4.512,0.012484217730421139,6,ok
37,receptor_04,-5.208,0.31293143120110445,10,ok
37,receptor_05,-4.637,0.2131888080889105,10,ok
37,receptor_06,-4.897,0.29528558642482694,4,ok
37,receptor_07,-4.198,0.2702315812005833,8,ok
37,receptor_08,-5.203,0.09398837198201383,9,ok
37,receptor_09,-4.56,0.23777542911421193,7,ok
37,receptor_10,-4.631,0.0,6,ok
38,1xq8,-5.078,0.00975435061032978,14,ok
38,receptor_01,-4.805,0.0,7,ok
18,receptor_02,-4.803,0.19295597749796825,10,ok
18,receptor_03,-3.827,0.30410675398087944,6,ok
18,receptor_04,-4.457,0.4844101046632691,7,ok
18,receptor_05,-3.755,0.3596544102873217,5,ok
18,receptor_06,-3.899,0.33030120371892524,4,ok
18,receptor_07,-3.637,0.2660200472608769,6,ok
18,receptor_08,-4.288,0.24192275275261882,6,ok
18,receptor_09,-3.946,0.24192275275261882,6,ok
18,receptor_10,-3.772,0.3129314312011044,10,ok
19,1xq8,-3.527,0.0,8,ok
19,receptor_01,-4.069,0.0869473439792289,7,ok
19,receptor_02,-4.044,0.23834472016708558,9,ok
19,receptor_03,-3.616,0.40411647708226245,3,ok
19,receptor_04,-3.917,0.4844101046632691,7,ok
19,receptor_05,-3.38,0.30410675398087944,6,ok
19,receptor_06,-4.036,0.5453773437325407,4,ok
19,receptor_07,-3.174,0.5666676259820993,3,ok
19,receptor_08,-3.884,0.19085564714450062,8,ok
19,receptor_09,-3.564,0.5453773437325407,4,ok
19,receptor_10,-3.763,0.0,7,ok
45,receptor_05,-5.142,0.30044721347068337,9,ok
45,receptor_06,-5.217,0.44002949918430284,4,ok
45,receptor_07,-4.435,0.2702315812005833,8,ok
45,receptor_08,-5.193,0.19085564714450062,8,ok
45,receptor_09,-4.939,0.20202222761670555,9,ok
45,receptor_10,-5.109,0.0,8,ok
46,1xq8,-5.436,0.0,11,ok
46,receptor_01,-5.985,0.010100527938747649,8,ok
46,receptor_02,-5.974,0.3129314312011044,10,ok
46,receptor_03,-5.158,0.16681046127567606,11,ok
46,receptor_04,-5.76,0.3129314312011044,10,ok
46,receptor_05,-5.3,0.3406424338100526,8,ok
46,receptor_06,-5.511,0.15205337699043972,4,ok
46,receptor_07,-4.527,0.2559277716941918,3,ok
46,receptor_08,-5.508,0.24192275275261882,6,ok
46,receptor_09,-5.055,0.39325374148609205,7,ok
46,receptor_10,-5.365,0.020201055877495298,9,ok
47,1xq8,-3.965,0.021980488508741694,10,ok
47,receptor_01,-4.001,0.020201055877495298,9,ok
47,receptor_02,-4.112,0.3194095366207653,10,ok
58,receptor_02,-5.68,0.2081777998415229,12,ok
58,receptor_03,-5.201,0.2301497672749533,11,ok
58,receptor_04,-4.727,0.18273554373872286,10,ok
58,receptor_05,-4.515,0.18273554373872286,10,ok
58,receptor_06,-5.008,0.2879629957402623,8,ok
58,receptor_07,-4.385,0.20202222761670557,9,ok
58,receptor_08,-4.974,0.2792870712156548,5,ok
58,receptor_09,-4.713,0.21318880808891053,10,ok
58,receptor_10,-5.274,0.0,8,ok
59,1xq8,-4.307,0.0,11,ok
59,receptor_01,-4.711,0.0,11,ok
59,receptor_02,-4.577,0.41807342425131666,8,ok
59,receptor_03,-3.973,0.24192275275261887,6,ok
59,receptor_04,-4.503,0.4095942669158418,8,ok
59,receptor_05,-3.905,0.23834472016708563,9,ok
59,receptor_06,-4.208,0.010100527938747649,8,ok
59,receptor_07,-4.02,0.1262414641096816,9,ok
59,receptor_08,-4.282,0.2634219433555862,7,ok
59,receptor_09,-3.945,0.24192275275261887,6,ok
59,receptor_10,-4.014,0.010100527938747649,8,ok
63,receptor_07,-4.438,0.28438599542456555,9,ok
63,receptor_08,-4.778,0.21318880808891044,10,ok
63,receptor_09,-5.023,0.15343855964472092,12,ok
63,receptor_10,-4.442,0.3283086475049037,8,ok
64,1xq8,-3.357,0.0,10,ok
64,receptor_01,-3.404,0.0,7,ok
64,receptor_02,-3.61,0.29686428066324,12,ok
64,receptor_03,-2.98,0.19085564714450062,8,ok
64,receptor_04,-3.283,0.35479684803403483,9,ok
64,receptor_05,-3.014,0.0,7,ok
64,receptor_06,-3.279,0.1715949000845338,11,ok
64,receptor_07,-2.968,0.011166580472204925,7,ok
64,receptor_08,-3.187,0.09398837198201382,9,ok
64,receptor_09,-3.033,0.5453773437325408,4,ok
64,receptor_10,-3.091,0.03268105085949928,5,ok
65,1xq8,-4.532,0.0,11,ok
65,receptor_01,-4.447,0.0,8,ok
65,receptor_02,-5.105,0.33189375435118645,11,ok
65,receptor_03,-4.209,0.24192275275261882,6,ok
65,receptor_04,-4.404,0.4844101046632692,7,ok
70,receptor_10,-2.977,0.15205337699043972,5,ok
71,1xq8,-4.211,0.0,8,ok
71,receptor_01,-4.314,0.0,9,ok
71,receptor_02,-4.415,0.39779522923996946,11,ok
71,receptor_03,-3.831,0.1928360716774705,11,ok
71,receptor_04,-4.321,0.23834472016708558,9,ok
71,receptor_05,-4.156,0.2131888080889105,10,ok
71,receptor_06,-4.216,0.3769132160563424,6,ok
71,receptor_07,-3.47,0.4457595850000914,5,ok
71,receptor_08,-3.971,0.3479872101890376,8,ok
71,receptor_09,-4.168,0.21337628470624329,7,ok
71,receptor_10,-3.989,0.20202222761670552,9,ok
72,1xq8,-5.164,0.0,5,ok
72,receptor_01,-5.586,0.0,7,ok
72,receptor_02,-5.779,0.33189375435118645,11,ok
72,receptor_03,-4.663,0.25607716697660104,7,ok
72,receptor_04,-5.604,0.35479684803403483,9,ok
72,receptor_05,-5.001,0.20202222761670555,9,ok
72,receptor_06,-5.144,0.2560771669766011,7,ok
72,receptor_07,-4.277,0.31196812207515406,7,ok
65,receptor_05,-4.126,0.3283086475049037,8,ok
65,receptor_06,-4.399,0.38900761685571816,6,ok
65,receptor_07,-3.747,0.6522224953628176,8,ok
65,receptor_08,-4.061,0.30410675398087944,6,ok
65,receptor_09,-4.135,0.3762960386370022,10,ok
65,receptor_10,-3.872,0.01010052793874765,8,ok
66,1xq8,-4.579,0.0,10,ok
66,receptor_01,-4.515,0.06603766022429398,10,ok
66,receptor_02,-4.647,0.3318937543511865,11,ok
66,receptor_03,-4.189,0.22477756551658631,10,ok
66,receptor_04,-4.363,0.23834472016708558,9,ok
66,receptor_05,-3.99,0.17603074590185364,12,ok
66,receptor_06,-4.357,0.0786466438179614,8,ok
66,receptor_07,-4.067,0.0,5,ok
66,receptor_08,-4.389,0.2634219433555862,7,ok
66,receptor_09,-4.152,0.2634219433555862,7,ok
66,receptor_10,-3.894,0.09811392445143384,8,ok
67,1xq8,-6.214,0.0,10,ok
67,receptor_01,-5.724,0.0,8,ok
67,receptor_02,-5.607,0.29686428066324005,12,ok
78,receptor_02,-5.353,0.3194095366207653,10,ok
78,receptor_03,-5.079,0.21318880808891044,10,ok
78,receptor_04,-5.308,0.40959426691584166,8,ok
78,receptor_05,-4.814,0.21318880808891044,10,ok
78,receptor_06,-5.077,0.08874717175670903,9,ok
78,receptor_07,-4.938,0.19283607167747044,11,ok
78,receptor_08,-5.075,0.17263501579997517,9,ok
78,receptor_09,-5.092,0.2311171533896311,13,ok
78,receptor_10,-4.801,0.23834472016708552,9,ok
79,1xq8,-5.057,0.21823370501895836,15,ok
79,receptor_01,-4.918,0.05691309664449005,12,ok
79,receptor_02,-5.032,0.29686428066324,12,ok
79,receptor_03,-4.85,0.24192275275261882,6,ok
79,receptor_04,-4.865,0.31293143120110445,10,ok
79,receptor_05,-4.461,0.22586050243666442,8,ok
79,receptor_06,-4.832,0.16681046127567603,11,ok
79,receptor_07,-4.828,0.21318880808891044,10,ok
79,receptor_08,-5.087,0.21898318680274834,10,ok
79,receptor_09,-4.706,0.2956275966454044,6,ok
79,receptor_10,-5.004,0.21318880808891044,10,ok
81,receptor_09,-5.15,0.15343855964472092,12,ok
81,receptor_10,-4.995,0.21318880808891047,10,ok
82,1xq8,-5.257,0.0,7,ok
82,receptor_01,-5.493,0.0,10,ok
82,receptor_02,-5.493,0.23111715338963115,13,ok
82,receptor_03,-5.329,0.21318880808891047,10,ok
82,receptor_04,-5.391,0.23834472016708558,9,ok
82,receptor_05,-4.848,0.5812903658345812,5,ok
82,receptor_06,-5.248,0.18273554373872286,10,ok
82,receptor_07,-5.006,0.23834472016708558,9,ok
82,receptor_08,-5.255,0.20202222761670557,9,ok
82,receptor_09,-5.214,0.18273554373872283,10,ok
82,receptor_10,-5.164,0.23834472016708558,9,ok
83,1xq8,-5.106,0.0,8,ok
83,receptor_01,-5.047,0.061136797108655494,11,ok
83,receptor_02,-5.358,0.2838649316925545,14,ok
83,receptor_03,-4.788,0.21318880808891047,10,ok
83,receptor_04,-5.364,0.31293143120110456,10,ok
83,receptor_05,-4.409,0.23233860785632537,8,ok
83,receptor_06,-4.993,0.44575958500009144,5,ok
60,1xq8,-5.301,0.021980488508741694,10,ok
60,receptor_01,-5.534,0.008481165879740595,10,ok
60,receptor_02,-5.348,0.26852320352850206,13,ok
60,receptor_03,-4.992,0.3496264635505142,5,ok
60,receptor_04,-5.989,0.27990332147719715,11,ok
60,receptor_05,-5.457,0.2311171533896311,13,ok
60,receptor_06,-5.5,0.1543337756689929,9,ok
60,receptor_07,-4.59,0.4751127915684878,6,ok
60,receptor_08,-5.044,0.13513162707824466,7,ok
60,receptor_09,-5.337,0.16681046127567603,11,ok
60,receptor_10,-4.916,0.08101301123340916,10,ok
61,1xq8,-5.307,0.0,8,ok
61,receptor_01,-4.995,0.0,8,ok
61,receptor_02,-5.518,0.29173077180355067,9,ok
61,receptor_03,-4.734,0.17603074590185366,12,ok
61,receptor_04,-5.361,0.3689512622580171,10,ok
61,receptor_05,-4.534,0.27990332147719715,11,ok
61,receptor_06,-5.04,0.15343855964472092,12,ok
61,receptor_07,-4.353,0.1928360716774705,11,ok
61,receptor_08,-4.945,0.17263501579997517,9,ok
72,receptor_08,-4.641,0.1272336942252151,4,ok
72,receptor_09,-4.763,0.29528558642482694,4,ok
72,receptor_10,-4.807,0.0,6,ok
73,1xq8,-3.911,0.0,7,ok
73,receptor_01,-3.935,0.07179272660723157,9,ok
73,receptor_02,-3.98,0.1141894278595091,10,ok
73,receptor_03,-4.033,0.21318880808891044,10,ok
73,receptor_04,-4.032,0.23834472016708552,9,ok
73,receptor_05,-3.879,0.29173077180355056,9,ok
73,receptor_06,-4.057,0.16681046127567606,11,ok
73,receptor_07,-3.439,0.21318880808891044,10,ok
73,receptor_08,-3.921,0.20202222761670557,9,ok
73,receptor_09,-3.934,0.22586050243666442,8,ok
73,receptor_10,-4.027,0.0,9,ok
74,1xq8,-3.179,0.0,6,ok
74,receptor_01,-3.352,0.01010052793874765,8,ok
74,receptor_02,-3.342,0.20410911685250951,13,ok
74,receptor_03,-2.961,0.3689517233821032,6,ok
74,receptor_04,-3.011,0.13852060952279024,7,ok
74,receptor_05,-2.849,0.24192275275261885,6,ok
76,receptor_04,-3.791,0.28438599542456555,9,ok
76,receptor_05,-3.485,0.29562759664540444,6,ok
76,receptor_06,-3.913,0.4457595850000914,5,ok
76,receptor_07,-3.387,0.23834472016708552,9,ok
76,receptor_08,-3.697,0.09720698077808064,6,ok
76,receptor_09,-3.41,0.22586050243666442,8,ok
76,receptor_10,-3.719,0.07179272660723157,9,ok
77,1xq8,-5.349,0.0,8,ok
77,receptor_01,-5.366,0.0,10,ok
77,receptor_02,-5.795,0.23111715338963115,13,ok
77,receptor_03,-5.48,0.21318880808891044,10,ok
77,receptor_04,-5.364,0.268523203528502,13,ok
77,receptor_05,-4.929,0.311968122075154,7,ok
77,receptor_06,-5.268,0.2329804194869543,10,ok
77,receptor_07,-5.069,0.21318880808891044,10,ok
77,receptor_08,-5.247,0.16681046127567606,11,ok
77,receptor_09,-5.229,0.26873674100499223,10,ok
77,receptor_10,-5.377,0.21318880808891044,10,ok
78,1xq8,-5.62,0.0384886298280419,15,ok
78,receptor_01,-5.136,0.007851751801524339,11,ok
90,receptor_10,-4.874,0.01696233175948119,11,ok
91,1xq8,-5.046,0.0,6,ok
91,receptor_01,-5.393,0.009220284626177591,9,ok
91,receptor_02,-5.434,0.31322996240651796,10,ok
91,receptor_03,-4.69,0.1827355437387228,10,ok
91,receptor_04,-5.026,0.31293143120110445,10,ok
91,receptor_05,-5.079,0.2560771669766011,7,ok
91,receptor_06,-5.081,0.19085564714450062,8,ok
91,receptor_07,-4.406,0.23834472016708558,9,ok
91,receptor_08,-4.959,0.09398837198201382,9,ok
91,receptor_09,-5.019,0.1141894278595091,10,ok
91,receptor_10,-4.866,0.1411377393890049,8,ok
92,1xq8,-5.168,0.0,9,ok
92,receptor_01,-5.423,0.0,8,ok
92,receptor_02,-5.419,0.22189686876345352,12,ok
92,receptor_03,-4.718,0.1827355437387228,10,ok
92,receptor_04,-5.508,0.25318147536444957,12,ok
92,receptor_05,-4.985,0.23834472016708558,9,ok
92,receptor_06,-4.833,0.32892643674610406,7,ok
92,receptor_07,-4.379,0.3621416244130199,9,ok
87,receptor_03,-4.876,0.1827355437387228,10,ok
87,receptor_04,-4.35,0.25607716697660104,7,ok
87,receptor_05,-4.529,0.2029365996162181,12,ok
87,receptor_06,-4.521,0.3069253188903442,9,ok
87,receptor_07,-4.813,0.27023158120058327,8,ok
87,receptor_08,-5.263,0.16681046127567603,11,ok
87,receptor_09,-4.747,0.19085564714450062,8,ok
87,receptor_10,-4.962,0.1760307459018536,12,ok
88,1xq8,-4.732,0.0,7,ok
88,receptor_01,-4.948,0.014618610402978991,13,ok
88,receptor_02,-4.764,0.3547968480340348,9,ok
88,receptor_03,-4.902,0.1827355437387228,10,ok
88,receptor_04,-4.968,0.19295597749796825,10,ok
88,receptor_05,-4.411,0.2843859954245655,9,ok
88,receptor_06,-5.024,0.08101301123340916,10,ok
88,receptor_07,-4.474,0.12624146410968157,9,ok
88,receptor_08,-4.723,0.09398837198201382,9,ok
88,receptor_09,-4.632,0.25607716697660104,7,ok
88,receptor_10,-4.75,0.0,6,ok
89,1xq8,-4.841,0.0,6,ok
83,receptor_07,-4.665,0.23834472016708563,9,ok
83,receptor_08,-4.631,0.19085564714450065,8,ok
83,receptor_09,-4.915,0.21318880808891053,10,ok
83,receptor_10,-4.486,0.01010052793874765,8,ok
84,1xq8,-4.615,0.0,7,ok
84,receptor_01,-4.762,0.06603766022429398,10,ok
84,receptor_02,-5.286,0.29686428066324005,12,ok
84,receptor_03,-5.248,0.2081777998415229,12,ok
84,receptor_04,-4.651,0.2243553885611154,11,ok
84,receptor_05,-5.059,0.1760307459018537,12,ok
84,receptor_06,-5.005,0.18273554373872286,10,ok
84,receptor_07,-4.97,0.19283607167747052,11,ok
84,receptor_08,-4.639,0.22477756551658631,10,ok
84,receptor_09,-5.132,0.1668104612756761,11,ok
84,receptor_10,-5.073,0.09588206530016755,12,ok
85,1xq8,-3.381,0.0,9,ok
85,receptor_01,-3.521,0.0,10,ok
85,receptor_02,-3.622,0.3318937543511865,11,ok
85,receptor_03,-3.391,0.19283607167747052,11,ok
85,receptor_04,-3.319,0.3119681220751541,7,ok
80,1xq8,-5.508,0.0,10,ok
80,receptor_01,-5.628,0.0,11,ok
80,receptor_02,-5.994,0.3080308611354449,13,ok
80,receptor_03,-5.692,0.1928360716774705,11,ok
80,receptor_04,-5.667,0.2131888080889105,10,ok
80,receptor_05,-5.496,0.2247775655165863,10,ok
80,receptor_06,-5.475,0.20202222761670555,9,ok
80,receptor_07,-5.048,0.28438599542456555,9,ok
80,receptor_08,-5.514,0.24482282558674645,9,ok
80,receptor_09,-5.572,0.4751127915684878,6,ok
80,receptor_10,-5.668,0.2301497672749533,11,ok
81,1xq8,-4.913,0.0012425148500565144,10,ok
81,receptor_01,-5.322,0.06113679710865549,11,ok
81,receptor_02,-5.468,0.33189375435118645,11,ok
81,receptor_03,-4.824,0.027660853878532773,11,ok
81,receptor_04,-5.487,0.21341900006682768,12,ok
81,receptor_05,-4.623,0.22586050243666442,8,ok
81,receptor_06,-5.082,0.3479872101890377,8,ok
81,receptor_07,-4.613,0.23834472016708558,9,ok
81,receptor_08,-4.832,0.21337628470624329,7,ok
74,receptor_06,-3.064,0.0786466438179614,8,ok
74,receptor_07,-2.592,0.0,3,ok
74,receptor_08,-3.018,0.1317109716777931,5,ok
74,receptor_09,-2.949,0.0,6,ok
74,receptor_10,-2.965,0.30410675398087944,6,ok
75,1xq8,-3.441,0.028940230297529214,7,ok
75,receptor_01,-3.644,0.0,8,ok
75,receptor_02,-3.463,0.33189375435118645,11,ok
75,receptor_03,-2.803,0.3479872101890378,8,ok
75,receptor_04,-3.172,0.5926654300846985,6,ok
75,receptor_05,-3.038,0.21318880808891053,10,ok
75,receptor_06,-3.195,0.24967952183112738,5,ok
75,receptor_07,-2.734,0.2560771669766011,7,ok
75,receptor_08,-3.15,0.1272336942252151,4,ok
75,receptor_09,-3.087,0.12865352165858382,7,ok
75,receptor_10,-2.999,0.009220284626177593,9,ok
76,1xq8,-4.038,0.0,8,ok
76,receptor_01,-3.723,0.0,5,ok
76,receptor_02,-4.203,0.4844101046632693,7,ok
76,receptor_03,-3.464,0.012484217730421139,6,ok
94,receptor_06,-3.722,0.44575958500009144,5,ok
94,receptor_07,-3.356,0.02830882844796447,6,ok
94,receptor_08,-3.657,0.23233860785632535,8,ok
94,receptor_09,-3.704,0.17982720514366088,3,ok
94,receptor_10,-3.275,0.08874717175670904,9,ok
95,1xq8,-3.77,0.0,7,ok
95,receptor_01,-3.826,0.0,9,ok
95,receptor_02,-3.966,0.33837185977084744,11,ok
95,receptor_03,-3.36,0.34962646355051424,5,ok
95,receptor_04,-4.006,0.4514045634344202,5,ok
95,receptor_05,-3.44,0.36895172338210314,6,ok
95,receptor_06,-3.421,0.5453773437325409,4,ok
95,receptor_07,-3.168,0.2560771669766011,7,ok
95,receptor_08,-3.847,0.1726350157999752,9,ok
95,receptor_09,-3.505,0.10408889992076147,9,ok
95,receptor_10,-3.524,0.0,7,ok
96,1xq8,-4.973,0.0,8,ok
96,receptor_01,-5.12,0.0786466438179614,8,ok
96,receptor_02,-5.416,0.35479684803403483,9,ok
96,receptor_03,-4.384,0.2792870712156548,5,ok
67,receptor_03,-5.273,0.20202222761670557,9,ok
67,receptor_04,-5.562,0.21259028273225009,14,ok
67,receptor_05,-5.344,0.10423801929462208,11,ok
67,receptor_06,-5.862,0.19283607167747044,11,ok
67,receptor_07,-5.014,0.34064243381005255,8,ok
67,receptor_08,-5.193,0.24192275275261885,6,ok
67,receptor_09,-5.475,0.08101301123340918,10,ok
67,receptor_10,-5.426,0.2573070433171675,10,ok
68,1xq8,-3.434,0.01288207331639238,10,ok
68,receptor_01,-3.582,0.08299999198377517,12,ok
68,receptor_02,-3.696,0.33837185977084744,11,ok
68,receptor_03,-3.052,0.20293659961621816,12,ok
68,receptor_04,-3.145,0.32830864750490374,8,ok
68,receptor_05,-3.041,0.6172033879366216,6,ok
68,receptor_06,-3.301,0.3041067539808795,6,ok
68,receptor_07,-2.879,0.0,7,ok
68,receptor_08,-3.146,0.20781660633054352,9,ok
68,receptor_09,-3.168,0.007851751801524339,11,ok
68,receptor_10,-3.118,0.10928050492363875,9,ok
69,1xq8,-5.713,0.0,11,ok
92,receptor_08,-5.068,0.1341996482296452,12,ok
92,receptor_09,-4.916,0.1668104612756761,11,ok
92,receptor_10,-5.119,0.1374080445818865,10,ok
93,1xq8,-4.013,0.0011503039028698228,11,ok
93,receptor_01,-3.763,0.061136797108655494,11,ok
93,receptor_02,-4.3,0.34064243381005266,8,ok
93,receptor_03,-3.364,0.2702315812005834,8,ok
93,receptor_04,-4.029,0.27990332147719715,11,ok
93,receptor_05,-3.546,0.2702315812005834,8,ok
93,receptor_06,-3.67,0.28796299574026224,8,ok
93,receptor_07,-2.98,0.24192275275261885,6,ok
93,receptor_08,-3.99,0.015341728164052434,8,ok
93,receptor_09,-3.658,0.4017328988215671,7,ok
93,receptor_10,-3.385,0.07179272660723157,9,ok
94,1xq8,-3.887,0.03790077300495874,10,ok
94,receptor_01,-3.674,0.0,7,ok
94,receptor_02,-4.193,0.3004472134706834,9,ok
94,receptor_03,-3.64,0.21318880808891053,10,ok
94,receptor_04,-4.12,0.4514045634344203,5,ok
94,receptor_05,-3.435,0.09811392445143384,8,ok
89,receptor_01,-5.231,0.014618610402978993,13,ok
89,receptor_02,-5.79,0.23111715338963107,13,ok
89,receptor_03,-4.968,0.23834472016708558,9,ok
89,receptor_04,-5.664,0.2131888080889105,10,ok
89,receptor_05,-4.655,0.2131888080889105,10,ok
89,receptor_06,-5.344,0.18273554373872283,10,ok
89,receptor_07,-4.817,0.11418942785950911,10,ok
89,receptor_08,-5.04,0.1808151847107114,12,ok
89,receptor_09,-5.104,0.20202222761670555,9,ok
89,receptor_10,-4.925,0.01010052793874765,8,ok
90,1xq8,-5.368,0.0,8,ok
90,receptor_01,-5.293,0.006836966144739479,13,ok
90,receptor_02,-5.523,0.29686428066324005,12,ok
90,receptor_03,-4.989,0.31196812207515406,7,ok
90,receptor_04,-5.765,0.1808151847107114,12,ok
90,receptor_05,-5.133,0.40173289882156704,7,ok
90,receptor_06,-5.051,0.3264880195860704,7,ok
90,receptor_07,-4.52,0.20331847212808005,11,ok
90,receptor_08,-5.006,0.2189831868027484,10,ok
90,receptor_09,-5.235,0.3479872101890377,8,ok
96,receptor_04,-5.229,0.36895172338210314,6,ok
96,receptor_05,-4.521,0.23834472016708558,9,ok
96,receptor_06,-4.983,0.35965441028732165,5,ok
96,receptor_07,-4.16,0.393253741486092,7,ok
96,receptor_08,-4.913,0.19085564714450062,8,ok
96,receptor_09,-4.865,0.22586050243666442,8,ok
96,receptor_10,-4.721,0.0,6,ok
97,1xq8,-3.788,0.0,7,ok
97,receptor_01,-3.35,0.0,5,ok
97,receptor_02,-3.707,0.4344139496810663,9,ok
97,receptor_03,-3.134,0.27928707121565477,5,ok
97,receptor_04,-3.463,0.4844101046632692,7,ok
97,receptor_05,-3.078,0.37691321605634237,6,ok
97,receptor_06,-3.217,0.21337628470624329,7,ok
97,receptor_07,-2.844,0.4277605202583413,4,ok
97,receptor_08,-3.357,0.26342194335558616,7,ok
97,receptor_09,-3.241,0.13171097167779308,5,ok
97,receptor_10,-2.999,0.012484217730421136,6,ok
98,1xq8,-3.636,0.0,7,ok
98,receptor_01,-3.926,0.0,7,ok
69,receptor_01,-6.135,0.1748017988408539,14,ok
69,receptor_02,-5.747,0.22586050243666442,8,ok
69,receptor_03,-5.847,0.20202222761670555,9,ok
69,receptor_04,-5.679,0.020201055877495298,9,ok
69,receptor_05,-5.457,0.23233860785632537,8,ok
69,receptor_06,-6.025,0.16681046127567606,11,ok
69,receptor_07,-5.542,0.2448228255867465,9,ok
69,receptor_08,-5.683,0.19481990814574673,13,ok
69,receptor_09,-5.606,0.17603074590185366,12,ok
69,receptor_10,-5.819,0.020201055877495298,9,ok
70,1xq8,-3.449,0.0013507978422093822,9,ok
70,receptor_01,-3.61,0.08874717175670903,9,ok
70,receptor_02,-3.549,0.1987503562118062,10,ok
70,receptor_03,-3.009,0.22586050243666447,8,ok
70,receptor_04,-3.139,0.009220284626177591,9,ok
70,receptor_05,-2.893,0.3406424338100526,8,ok
70,receptor_06,-3.307,0.18559962351956918,12,ok
70,receptor_07,-2.883,0.19085564714450065,8,ok
70,receptor_08,-3.27,0.20331847212808007,11,ok
70,receptor_09,-2.955,0.11616930392816267,6,ok
100,1xq8,-3.977,0.01400472343503534,9,ok
100,receptor_01,-3.776,0.0,9,ok
100,receptor_02,-3.705,0.3762960386370022,10,ok
100,receptor_03,-3.617,0.22586050243666447,8,ok
100,receptor_04,-3.771,0.4844101046632692,7,ok
100,receptor_05,-3.39,0.2560771669766011,7,ok
100,receptor_06,-3.888,0.19085564714450062,8,ok
100,receptor_07,-3.061,0.1096911985085018,7,ok
100,receptor_08,-3.447,0.4400294991843029,4,ok
100,receptor_09,-3.547,0.5453773437325409,4,ok
100,receptor_10,-3.636,0.0,7,ok
101,1xq8,-3.712,0.011926054012334228,11,ok
101,receptor_01,-3.694,0.0,8,ok
101,receptor_02,-4.297,0.29686428066324005,12,ok
101,receptor_03,-3.399,0.2702315812005834,8,ok
101,receptor_04,-3.712,0.3689517233821032,6,ok
101,receptor_05,-3.308,0.2243553885611154,11,ok
101,receptor_06,-3.998,0.1668104612756761,11,ok
101,receptor_07,-3.102,0.4331016604465104,5,ok
101,receptor_08,-3.575,0.2634219433555862,7,ok
98,receptor_02,-4.018,0.26378514873682846,10,ok
98,receptor_03,-3.476,0.10390830316527172,7,ok
98,receptor_04,-3.909,0.40959426691584166,8,ok
98,receptor_05,-3.549,0.35479684803403483,9,ok
98,receptor_06,-3.793,0.26342194335558616,7,ok
98,receptor_07,-3.151,0.2702315812005833,8,ok
98,receptor_08,-3.982,0.26342194335558616,7,ok
98,receptor_09,-3.638,0.10933010014606623,9,ok
98,receptor_10,-3.374,0.0,6,ok
99,1xq8,-4.947,0.0013507978422093822,9,ok
99,receptor_01,-5.133,0.07864664381796138,8,ok
99,receptor_02,-5.372,0.3762960386370021,10,ok
99,receptor_03,-4.641,0.2702315812005833,8,ok
99,receptor_04,-5.668,0.31293143120110445,10,ok
99,receptor_05,-4.553,0.29562759664540444,6,ok
99,receptor_06,-4.997,0.29528558642482694,4,ok
99,receptor_07,-4.603,0.4428931070165413,9,ok
99,receptor_08,-4.965,0.19085564714450062,8,ok
99,receptor_09,-4.754,0.18273554373872283,10,ok
99,receptor_10,-4.559,0.30410675398087944,6,ok
61,receptor_09,-4.918,0.11616930392816265,6,ok
61,receptor_10,-4.908,0.0,8,ok
62,1xq8,-4.541,0.0,11,ok
62,receptor_01,-4.4,0.008481165879740595,10,ok
62,receptor_02,-4.648,0.25842267558975435,12,ok
62,receptor_03,-3.921,0.29562759664540444,6,ok
62,receptor_04,-4.141,0.31196812207515406,7,ok
62,receptor_05,-3.839,0.2702315812005833,8,ok
62,receptor_06,-4.13,0.14495739376498032,11,ok
62,receptor_07,-3.958,0.3283086475049037,8,ok
62,receptor_08,-4.319,0.08579745004226691,10,ok
62,receptor_09,-4.278,0.008481165879740595,10,ok
62,receptor_10,-3.896,0.24192275275261882,6,ok
63,1xq8,-5.227,0.0,9,ok
63,receptor_01,-4.569,0.0,8,ok
63,receptor_02,-5.396,0.25318147536444957,12,ok
63,receptor_03,-4.546,0.28438599542456555,9,ok
63,receptor_04,-5.006,0.31196812207515406,7,ok
63,receptor_05,-4.447,0.1432024232957244,11,ok
63,receptor_06,-4.696,0.2247775655165863,10,ok
103,receptor_07,-2.827,0.24365879276823033,3,ok
103,receptor_08,-3.325,0.0,4,ok
103,receptor_09,-3.13,0.09398837198201382,8,ok
103,receptor_10,-3.078,0.011166580472204927,7,ok
104,1xq8,-2.927,0.0,5,ok
104,receptor_01,-3.301,0.0,9,ok
104,receptor_02,-3.457,0.29562759664540444,6,ok
104,receptor_03,-3.251,0.24192275275261882,6,ok
104,receptor_04,-3.136,0.4844101046632692,7,ok
104,receptor_05,-2.946,0.2702315812005833,8,ok
104,receptor_06,-3.188,0.26342194335558616,7,ok
104,receptor_07,-2.74,0.17982720514366088,3,ok
104,receptor_08,-3.212,0.2323386078563253,8,ok
104,receptor_09,-2.779,0.42776052025834127,4,ok
104,receptor_10,-3.135,0.24192275275261882,6,ok
105,1xq8,-4.845,0.0,5,ok
105,receptor_01,-4.55,0.07179272660723157,9,ok
105,receptor_02,-4.971,0.3762960386370021,10,ok
105,receptor_03,-4.111,0.012484217730421139,6,ok
105,receptor_04,-4.776,0.4844101046632692,7,ok
85,receptor_05,-3.258,0.27023158120058327,8,ok
85,receptor_06,-3.634,0.22586050243666442,8,ok
85,receptor_07,-3.298,0.2560771669766011,7,ok
85,receptor_08,-3.229,0.11616930392816265,6,ok
85,receptor_09,-3.719,0.2560771669766011,7,ok
85,receptor_10,-3.595,0.2573070433171676,10,ok
86,1xq8,-4.822,0.2687367410049923,10,ok
86,receptor_01,-4.719,0.05691309664449005,12,ok
86,receptor_02,-5.375,0.22189686876345352,12,ok
86,receptor_03,-5.009,0.1760307459018536,12,ok
86,receptor_04,-4.507,0.23834472016708552,9,ok
86,receptor_05,-4.47,0.3406424338100526,8,ok
86,receptor_06,-5.24,0.08101301123340916,10,ok
86,receptor_07,-4.787,0.23834472016708552,9,ok
86,receptor_08,-5.017,0.2189831868027484,10,ok
86,receptor_09,-4.741,0.18273554373872283,10,ok
86,receptor_10,-4.963,0.0,9,ok
87,1xq8,-4.863,0.21318880808891044,10,ok
87,receptor_01,-5.052,0.14495739376498032,11,ok
87,receptor_02,-5.141,0.3762960386370022,10,ok
101,receptor_09,-3.672,0.581290365834581,5,ok
101,receptor_10,-3.238,0.0,8,ok
102,1xq8,-5.095,0.0,9,ok
102,receptor_01,-4.872,0.06603766022429398,10,ok
102,receptor_02,-5.429,0.37629603863700206,10,ok
102,receptor_03,-4.64,0.5453773437325407,4,ok
102,receptor_04,-4.966,0.3689517233821032,6,ok
102,receptor_05,-4.548,0.12865352165858382,7,ok
102,receptor_06,-4.887,0.20202222761670557,9,ok
102,receptor_07,-4.354,0.27023158120058327,8,ok
102,receptor_08,-4.657,0.38900761685571816,6,ok
102,receptor_09,-4.807,0.40173289882156704,7,ok
102,receptor_10,-4.429,0.0,7,ok
103,1xq8,-3.477,0.0010708339378363628,12,ok
103,receptor_01,-3.423,0.0,6,ok
103,receptor_02,-3.588,0.3621416244130199,9,ok
103,receptor_03,-3.165,0.29562759664540444,6,ok
103,receptor_04,-3.54,0.4259347923455913,9,ok
103,receptor_05,-3.048,0.176255270514464,7,ok
103,receptor_06,-3.287,0.24192275275261885,6,ok
116,receptor_04,-4.894,0.22586050243666447,8,ok
116,receptor_05,-4.912,0.19085564714450065,8,ok
116,receptor_06,-5.131,0.22586050243666447,8,ok
116,receptor_07,-4.692,0.22586050243666447,8,ok
116,receptor_08,-4.98,0.07179272660723157,9,ok
116,receptor_09,-4.8,0.3496264635505143,5,ok
116,receptor_10,-4.851,0.19283607167747052,11,ok
117,1xq8,-3.331,0.023896049569923396,9,ok
117,receptor_01,-3.299,0.0,6,ok
117,receptor_02,-3.739,0.2856977001910351,11,ok
117,receptor_03,-2.983,0.33030120371892535,4,ok
117,receptor_04,-3.646,0.4844101046632694,7,ok
117,receptor_05,-3.048,0.35965441028732176,5,ok
117,receptor_06,-3.251,0.37691321605634254,6,ok
117,receptor_07,-2.998,0.2792870712156548,5,ok
117,receptor_08,-3.331,0.11616930392816267,6,ok
117,receptor_09,-3.241,0.33030120371892535,4,ok
117,receptor_10,-2.993,0.05797577949476684,5,ok
118,1xq8,-3.967,0.0,6,ok
118,receptor_01,-3.799,0.0,7,ok
118,receptor_02,-4.414,0.26873674100499223,10,ok
118,receptor_03,-3.434,0.11616930392816265,6,ok
118,receptor_04,-3.736,0.2508289378975067,10,ok
118,receptor_05,-3.489,0.27928707121565477,5,ok
118,receptor_06,-3.918,0.3264880195860704,7,ok
118,receptor_07,-3.483,0.401732898821567,7,ok
118,receptor_08,-3.682,0.19085564714450062,8,ok
118,receptor_09,-3.415,0.32463879299322335,5,ok
118,receptor_10,-3.864,0.0,7,ok
119,1xq8,-4.023,0.0,10,ok
119,receptor_01,-3.613,0.0,8,ok
119,receptor_02,-4.038,0.20410911685250946,13,ok
119,receptor_03,-3.284,0.33030120371892524,4,ok
119,receptor_04,-3.359,0.3004472134706833,9,ok
119,receptor_05,-3.27,0.311968122075154,7,ok
119,receptor_06,-3.707,0.2247775655165863,10,ok
119,receptor_07,-3.176,0.0,5,ok
119,receptor_08,-3.606,0.21337628470624329,7,ok
119,receptor_09,-3.355,0.2744992045963519,6,ok
119,receptor_10,-2.969,0.11021178107482575,5,ok
120,1xq8,-5.151,0.0,5,ok
120,receptor_01,-4.905,0.0,7,ok
120,receptor_02,-5.508,0.24308094742570194,11,ok
120,receptor_03,-4.51,0.012484217730421136,6,ok
120,receptor_04,-5.659,0.4259347923455913,9,ok
120,receptor_05,-4.766,0.12217541623892292,8,ok
120,receptor_06,-4.961,0.2849211339585535,8,ok
120,receptor_07,-4.286,0.0,10,ok
120,receptor_08,-4.636,0.24192275275261882,6,ok
120,receptor_09,-4.903,0.20202222761670552,9,ok
120,receptor_10,-4.421,0.24192275275261882,6,ok
121,1xq8,-3.735,0.0,7,ok
121,receptor_01,-3.628,0.07179272660723157,9,ok
121,receptor_02,-4.026,0.1928360716774705,11,ok
121,receptor_03,-3.111,0.2702315812005833,8,ok
121,receptor_04,-3.701,0.2131888080889105,10,ok
121,receptor_05,-3.36,0.36895172338210314,6,ok
121,receptor_06,-3.451,0.24192275275261882,6,ok
121,receptor_07,-3.14,0.32463879299322335,5,ok
121,receptor_08,-3.841,0.21337628470624329,7,ok
121,receptor_09,-3.522,0.3303012037189253,4,ok
121,receptor_10,-3.43,0.0786466438179614,8,ok
122,1xq8,-5.072,0.0013507978422093825,9,ok
122,receptor_01,-5.182,0.0,8,ok
122,receptor_02,-5.21,0.3004472134706834,9,ok
122,receptor_03,-4.85,0.2133762847062433,7,ok
122,receptor_04,-5.433,0.31293143120110456,10,ok
122,receptor_05,-4.371,0.31196812207515406,7,ok
122,receptor_06,-4.926,0.2634219433555862,7,ok
122,receptor_07,-4.199,0.29931888736157664,7,ok
122,receptor_08,-4.781,0.018962323150082012,6,ok
122,receptor_09,-4.959,0.2133762847062433,7,ok
122,receptor_10,-4.595,0.0,6,ok
123,1xq8,-3.34,0.0,6,ok
123,receptor_01,-3.781,0.0,8,ok
123,receptor_02,-3.685,0.29686428066324005,12,ok
123,receptor_03,-3.173,0.2792870712156548,5,ok
123,receptor_04,-3.705,0.4095942669158417,8,ok
123,receptor_05,-3.588,0.31196812207515406,7,ok
123,receptor_06,-3.673,0.2162762385112446,6,ok
125,receptor_05,-3.625,0.22586050243666447,8,ok
125,receptor_06,-3.985,0.18273554373872286,10,ok
125,receptor_07,-3.462,0.39325374148609205,7,ok
125,receptor_08,-3.636,0.35965441028732176,5,ok
125,receptor_09,-3.671,0.23834472016708558,9,ok
125,receptor_10,-3.543,0.2560771669766011,7,ok
126,1xq8,-3.607,0.024968435460842278,7,ok
126,receptor_01,-3.518,0.0786466438179614,8,ok
126,receptor_02,-4.207,0.34064243381005255,8,ok
126,receptor_03,-3.511,0.24192275275261885,6,ok
126,receptor_04,-3.857,0.36895172338210314,6,ok
126,receptor_05,-3.246,0.35479684803403483,9,ok
126,receptor_06,-3.404,0.24192275275261885,6,ok
126,receptor_07,-3.261,0.14113773938900492,8,ok
126,receptor_08,-3.633,0.23298041948695433,10,ok
126,receptor_09,-3.515,0.2792870712156548,5,ok
126,receptor_10,-3.106,0.0,5,ok
127,1xq8,-5.071,0.0011503039028698228,11,ok
127,receptor_01,-4.802,0.0,7,ok
127,receptor_02,-5.267,0.29686428066324005,12,ok
129,receptor_01,-4.913,0.0,8,ok
129,receptor_02,-5.187,0.3004472134706833,9,ok
129,receptor_03,-4.474,0.24192275275261885,6,ok
129,receptor_04,-5.186,0.23834472016708552,9,ok
129,receptor_05,-4.588,0.022333160944409854,8,ok
129,receptor_06,-4.565,0.35965441028732176,5,ok
129,receptor_07,-4.001,0.0,9,ok
129,receptor_08,-4.623,0.2133762847062433,7,ok
129,receptor_09,-4.725,0.1827355437387228,10,ok
129,receptor_10,-4.496,0.01010052793874765,8,ok
130,1xq8,-3.909,0.021980488508741694,10,ok
130,receptor_01,-3.74,0.0,7,ok
130,receptor_02,-4.116,0.25757016053278736,9,ok
130,receptor_03,-3.636,0.21318880808891044,10,ok
130,receptor_04,-4.111,0.35479684803403483,9,ok
130,receptor_05,-3.46,0.22586050243666445,8,ok
130,receptor_06,-3.565,0.2133762847062433,7,ok
130,receptor_07,-3.205,0.2843859954245655,9,ok
130,receptor_08,-3.541,0.2513009310064074,9,ok
130,receptor_09,-3.552,0.25607716697660104,7,ok
132,receptor_08,-5.06,0.19807727190277527,11,ok
132,receptor_09,-4.881,0.22586050243666442,8,ok
132,receptor_10,-5.257,0.09501773466844449,10,ok
133,1xq8,-3.835,0.03486256182513407,11,ok
133,receptor_01,-3.689,0.0,8,ok
133,receptor_02,-3.928,0.3254156489315256,11,ok
133,receptor_03,-3.397,0.1928360716774705,11,ok
133,receptor_04,-4.033,0.3004472134706833,9,ok
133,receptor_05,-3.343,0.3769132160563424,6,ok
133,receptor_06,-3.595,0.24192275275261882,6,ok
133,receptor_07,-3.034,0.29931888736157664,7,ok
133,receptor_08,-3.864,0.20781660633054344,9,ok
133,receptor_09,-3.384,0.22586050243666442,8,ok
133,receptor_10,-3.476,0.0,7,ok
134,1xq8,-4.99,0.0,9,ok
134,receptor_01,-5.197,0.0,9,ok
134,receptor_02,-5.335,0.35479684803403483,9,ok
134,receptor_03,-4.799,0.24192275275261882,6,ok
134,receptor_04,-5.364,0.31293143120110445,10,ok
134,receptor_05,-4.482,0.13852060952279022,7,ok
134,receptor_06,-4.889,0.22586050243666442,8,ok
134,receptor_07,-4.304,0.0,10,ok
134,receptor_08,-4.624,0.24192275275261882,6,ok
134,receptor_09,-4.768,0.20202222761670552,9,ok
134,receptor_10,-4.787,0.30410675398087944,6,ok
135,1xq8,-4.993,0.0,7,ok
135,receptor_01,-5.034,0.07179272660723157,9,ok
135,receptor_02,-5.69,0.2301497672749533,11,ok
135,receptor_03,-4.628,0.21318880808891044,10,ok
135,receptor_04,-5.062,0.23834472016708552,9,ok
135,receptor_05,-4.453,0.311968122075154,7,ok
135,receptor_06,-4.829,0.29528558642482694,4,ok
135,receptor_07,-4.339,0.34962646355051413,5,ok
135,receptor_08,-4.993,0.2323386078563253,8,ok
135,receptor_09,-5.163,0.15343855964472092,12,ok
135,receptor_10,-4.926,0.0,7,ok
136,1xq8,-3.998,0.011102129923245387,12,ok
136,receptor_01,-4.062,0.0,9,ok
136,receptor_02,-4.481,0.2218968687634535,12,ok
136,receptor_03,-4.023,0.1411377393890049,8,ok
130,receptor_10,-3.533,0.27928707121565477,5,ok
131,1xq8,-5.137,0.0014797559834649205,8,ok
131,receptor_01,-4.842,0.06113679710865549,11,ok
131,receptor_02,-5.299,0.34064243381005255,8,ok
131,receptor_03,-4.958,0.21318880808891044,10,ok
131,receptor_04,-4.928,0.311968122075154,7,ok
131,receptor_05,-4.415,0.23834472016708552,9,ok
131,receptor_06,-4.861,0.21627623851124458,6,ok
131,receptor_07,-4.388,0.23834472016708552,9,ok
131,receptor_08,-4.896,0.17263501579997517,9,ok
131,receptor_09,-4.744,0.20202222761670555,9,ok
131,receptor_10,-4.752,0.21318880808891044,10,ok
132,1xq8,-5.408,0.0,9,ok
132,receptor_01,-5.424,0.009220284626177591,9,ok
132,receptor_02,-5.456,0.31293143120110456,10,ok
132,receptor_03,-4.798,0.22586050243666442,8,ok
132,receptor_04,-5.337,0.2799033214771972,11,ok
132,receptor_05,-5.335,0.0202010558774953,9,ok
132,receptor_06,-5.321,0.16681046127567606,11,ok
132,receptor_07,-4.537,0.30410675398087944,6,ok
138,receptor_02,-4.85,0.33189375435118645,11,ok
138,receptor_03,-4.156,0.2702315812005833,8,ok
138,receptor_04,-4.85,0.4844101046632692,7,ok
138,receptor_05,-4.154,0.27757635757956844,8,ok
138,receptor_06,-4.259,0.4457595850000914,5,ok
138,receptor_07,-4.059,0.16839390242018934,5,ok
138,receptor_08,-4.192,0.22586050243666442,8,ok
138,receptor_09,-4.328,0.18273554373872283,10,ok
138,receptor_10,-4.427,0.0,8,ok
139,1xq8,-5.632,0.0,10,ok
139,receptor_01,-5.486,0.0,8,ok
139,receptor_02,-6.035,0.24308094742570194,11,ok
139,receptor_03,-5.225,0.2702315812005833,8,ok
139,receptor_04,-5.343,0.35479684803403483,9,ok
139,receptor_05,-5.306,0.16681046127567606,11,ok
139,receptor_06,-5.628,0.16681046127567606,11,ok
139,receptor_07,-4.851,0.2560771669766011,7,ok
139,receptor_08,-5.499,0.19085564714450062,8,ok
139,receptor_09,-5.246,0.18797674396402764,10,ok
139,receptor_10,-5.119,0.30410675398087944,6,ok
127,receptor_03,-4.815,0.21337628470624329,7,ok
127,receptor_04,-5.379,0.36895172338210314,6,ok
127,receptor_05,-4.431,0.31196812207515406,7,ok
127,receptor_06,-4.805,0.26342194335558616,7,ok
127,receptor_07,-4.21,0.12624146410968157,9,ok
127,receptor_08,-4.78,0.17263501579997517,9,ok
127,receptor_09,-4.94,0.21337628470624329,7,ok
127,receptor_10,-4.415,0.03349974141661478,9,ok
128,1xq8,-5.281,0.0,9,ok
128,receptor_01,-5.309,0.0,6,ok
128,receptor_02,-5.638,0.3318937543511865,11,ok
128,receptor_03,-5.086,0.1928360716774705,11,ok
128,receptor_04,-5.619,0.4514045634344202,5,ok
128,receptor_05,-4.954,0.19085564714450062,8,ok
128,receptor_06,-5.257,0.19085564714450062,8,ok
128,receptor_07,-4.914,0.1411377393890049,8,ok
128,receptor_08,-5.465,0.21337628470624329,7,ok
128,receptor_09,-5.059,0.20202222761670552,9,ok
128,receptor_10,-5.304,0.0,8,ok
129,1xq8,-4.664,0.0,7,ok
123,receptor_07,-3.124,0.19283607167747044,11,ok
123,receptor_08,-3.897,0.21337628470624329,7,ok
123,receptor_09,-3.48,0.3890076168557181,6,ok
123,receptor_10,-3.68,0.009220284626177591,9,ok
124,1xq8,-5.63,0.0,8,ok
124,receptor_01,-5.388,0.0,5,ok
124,receptor_02,-5.991,0.22547235604864244,15,ok
124,receptor_03,-5.103,0.21337628470624329,7,ok
124,receptor_04,-6.107,0.19283607167747044,11,ok
124,receptor_05,-5.171,0.16001980012575753,7,ok
124,receptor_06,-5.401,0.22586050243666442,8,ok
124,receptor_07,-4.511,0.23834472016708552,9,ok
124,receptor_08,-5.419,0.2575701605327873,9,ok
124,receptor_09,-5.717,0.2430809474257019,11,ok
124,receptor_10,-5.083,0.11507488363747664,8,ok
125,1xq8,-3.95,0.0,6,ok
125,receptor_01,-3.878,0.0,8,ok
125,receptor_02,-3.895,0.19283607167747044,11,ok
125,receptor_03,-3.944,0.23834472016708552,9,ok
125,receptor_04,-4.27,0.27023158120058327,8,ok
136,receptor_04,-3.838,0.2531814753644496,12,ok
136,receptor_05,-3.952,0.44575958500009144,5,ok
136,receptor_06,-4.176,0.18273554373872286,10,ok
136,receptor_07,-3.452,0.20331847212808007,11,ok
136,receptor_08,-4.047,0.19481990814574676,13,ok
136,receptor_09,-3.892,0.08874717175670904,9,ok
136,receptor_10,-3.988,0.0,7,ok
137,1xq8,-5.349,0.0202010558774953,9,ok
137,receptor_01,-5.722,0.056913096644490055,12,ok
137,receptor_02,-5.826,0.2799033214771972,11,ok
137,receptor_03,-5.685,0.21318880808891053,10,ok
137,receptor_04,-5.301,0.20202222761670557,9,ok
137,receptor_05,-5.314,0.21318880808891053,10,ok
137,receptor_06,-5.3,0.18273554373872286,10,ok
137,receptor_07,-5.297,0.22586050243666447,8,ok
137,receptor_08,-4.975,0.14205140003116956,13,ok
137,receptor_09,-5.442,0.2637851487368285,10,ok
137,receptor_10,-5.786,0.21318880808891053,10,ok
138,1xq8,-4.465,0.0,7,ok
138,receptor_01,-4.513,0.07179272660723157,9,ok
152,receptor_08,-5.024,0.19085564714450062,8,ok
152,receptor_09,-4.995,0.20202222761670555,9,ok
152,receptor_10,-5.056,0.27757635757956844,8,ok
153,1xq8,-5.136,0.0,9,ok
153,receptor_01,-5.315,0.0,9,ok
153,receptor_02,-5.398,0.3318937543511865,11,ok
153,receptor_03,-4.969,0.012484217730421136,6,ok
153,receptor_04,-5.428,0.2702315812005834,8,ok
153,receptor_05,-4.796,0.2560771669766011,7,ok
153,receptor_06,-5.022,0.32648801958607043,7,ok
153,receptor_07,-4.306,0.3119681220751541,7,ok
153,receptor_08,-5.277,0.19085564714450062,8,ok
153,receptor_09,-4.729,0.24967952183112735,5,ok
153,receptor_10,-4.8,0.30410675398087944,6,ok
154,1xq8,-5.418,0.0,9,ok
154,receptor_01,-5.458,0.0,7,ok
154,receptor_02,-5.044,0.009220284626177591,9,ok
154,receptor_03,-4.723,0.06898854891017982,12,ok
154,receptor_04,-5.176,0.2508289378975067,10,ok
154,receptor_05,-4.993,0.21318880808891053,10,ok
141,receptor_09,-4.831,0.1668104612756761,11,ok
141,receptor_10,-4.614,0.0,7,ok
142,1xq8,-4.904,0.0,8,ok
142,receptor_01,-4.664,0.0,9,ok
142,receptor_02,-5.549,0.2968642806632401,12,ok
142,receptor_03,-4.573,0.23834472016708558,9,ok
142,receptor_04,-5.14,0.31196812207515406,7,ok
142,receptor_05,-4.379,0.23834472016708558,9,ok
142,receptor_06,-4.682,0.3769132160563425,6,ok
142,receptor_07,-4.297,0.27023158120058327,8,ok
142,receptor_08,-4.581,0.22586050243666447,8,ok
142,receptor_09,-4.693,0.1668104612756761,11,ok
142,receptor_10,-4.516,0.23834472016708558,9,ok
143,1xq8,-3.41,0.0,7,ok
143,receptor_01,-3.332,0.0,8,ok
143,receptor_02,-3.662,0.5137633112316657,8,ok
143,receptor_03,-3.08,0.22586050243666447,8,ok
143,receptor_04,-3.447,0.17603074590185364,12,ok
143,receptor_05,-3.09,0.27023158120058327,8,ok
143,receptor_06,-3.072,0.19085564714450065,8,ok
145,receptor_05,-3.244,0.3547968480340348,9,ok
145,receptor_06,-3.475,0.2133762847062433,7,ok
145,receptor_07,-3.119,0.23834472016708563,9,ok
145,receptor_08,-3.646,0.18797674396402764,10,ok
145,receptor_09,-3.217,0.3496264635505142,5,ok
145,receptor_10,-3.562,0.022333160944409854,8,ok
146,1xq8,-5.48,0.0,6,ok
146,receptor_01,-5.247,0.0,7,ok
146,receptor_02,-5.945,0.27990332147719715,11,ok
146,receptor_03,-4.638,0.024968435460842278,7,ok
146,receptor_04,-5.259,0.3547968480340348,9,ok
146,receptor_05,-4.957,0.3119681220751541,7,ok
146,receptor_06,-5.091,0.07179272660723157,9,ok
146,receptor_07,-4.324,0.16839390242018937,5,ok
146,receptor_08,-4.947,0.18273554373872283,10,ok
146,receptor_09,-4.771,0.2792870712156548,5,ok
146,receptor_10,-5.059,0.0,7,ok
147,1xq8,-5.143,0.015341728164052434,8,ok
147,receptor_01,-4.885,0.061136797108655494,11,ok
147,receptor_02,-5.517,0.2311171533896311,13,ok
154,receptor_06,-5.208,0.17263501579997517,9,ok
154,receptor_07,-4.244,0.21337628470624329,7,ok
154,receptor_08,-5.218,0.32892643674610406,7,ok
154,receptor_09,-4.751,0.26342194335558616,7,ok
154,receptor_10,-4.81,0.27928707121565477,5,ok
155,1xq8,-4.2,0.015341728164052432,8,ok
155,receptor_01,-4.319,0.06603766022429397,10,ok
155,receptor_02,-4.376,0.26873674100499223,10,ok
155,receptor_03,-3.683,0.012484217730421136,6,ok
155,receptor_04,-4.171,0.4844101046632692,7,ok
155,receptor_05,-3.672,0.2131888080889105,10,ok
155,receptor_06,-3.833,0.27928707121565477,5,ok
155,receptor_07,-3.604,0.311968122075154,7,ok
155,receptor_08,-4.015,0.09720698077808064,6,ok
155,receptor_09,-3.913,0.010100527938747649,8,ok
155,receptor_10,-3.718,0.27928707121565477,5,ok
156,1xq8,-3.743,0.0,9,ok
156,receptor_01,-3.478,0.0869473439792289,7,ok
156,receptor_02,-3.825,0.3406424338100526,8,ok
156,receptor_03,-3.403,0.37691321605634237,6,ok
140,1xq8,-5.761,0.0,9,ok
140,receptor_01,-5.722,0.018440569252355186,10,ok
140,receptor_02,-6.116,0.27990332147719715,11,ok
140,receptor_03,-5.473,0.124366195298808,6,ok
140,receptor_04,-5.825,0.23834472016708563,9,ok
140,receptor_05,-5.566,0.3479872101890377,8,ok
140,receptor_06,-5.821,0.1726350157999752,9,ok
140,receptor_07,-5.087,0.09811392445143384,8,ok
140,receptor_08,-5.54,0.22586050243666447,8,ok
140,receptor_09,-5.797,0.09023329585958677,11,ok
140,receptor_10,-5.994,0.007851751801524339,11,ok
141,1xq8,-4.729,0.0,8,ok
141,receptor_01,-4.791,0.07179272660723157,9,ok
141,receptor_02,-5.028,0.19283607167747052,11,ok
141,receptor_03,-4.352,0.2702315812005834,8,ok
141,receptor_04,-5.294,0.35479684803403483,9,ok
141,receptor_05,-4.576,0.2702315812005834,8,ok
141,receptor_06,-4.53,0.3264880195860704,7,ok
141,receptor_07,-4.246,0.2560771669766011,7,ok
141,receptor_08,-4.384,0.35965441028732176,5,ok
150,receptor_10,-4.557,0.20202222761670557,9,ok
151,1xq8,-4.807,0.0,6,ok
151,receptor_01,-5.064,0.07864664381796138,8,ok
151,receptor_02,-5.068,0.4180734242513167,8,ok
151,receptor_03,-4.357,0.2702315812005833,8,ok
151,receptor_04,-4.858,0.40959426691584166,8,ok
151,receptor_05,-4.412,0.31196812207515406,7,ok
151,receptor_06,-4.614,0.44575958500009144,5,ok
151,receptor_07,-4.171,0.184734427849939,6,ok
151,receptor_08,-4.373,0.24192275275261885,6,ok
151,receptor_09,-4.736,0.20202222761670557,9,ok
151,receptor_10,-4.811,0.0,7,ok
152,1xq8,-5.592,0.0,11,ok
152,receptor_01,-5.427,0.008481165879740595,10,ok
152,receptor_02,-5.642,0.268523203528502,13,ok
152,receptor_03,-5.047,0.39325374148609205,7,ok
152,receptor_04,-5.36,0.2702315812005833,8,ok
152,receptor_05,-5.016,0.2311171533896311,13,ok
152,receptor_06,-5.358,0.2687367410049923,10,ok
152,receptor_07,-4.518,0.39325374148609205,7,ok
143,receptor_07,-2.512,0.44575958500009144,5,ok
143,receptor_08,-3.47,0.22477756551658631,10,ok
143,receptor_09,-3.056,0.20202222761670557,9,ok
143,receptor_10,-3.201,0.20781660633054352,9,ok
144,1xq8,-3.819,0.0,8,ok
144,receptor_01,-4.058,0.007851751801524339,11,ok
144,receptor_02,-4.37,0.26852320352850206,13,ok
144,receptor_03,-3.695,0.2133762847062433,7,ok
144,receptor_04,-3.651,0.2687367410049923,10,ok
144,receptor_05,-3.654,0.47511279156848785,6,ok
144,receptor_06,-3.817,0.15759017664949848,10,ok
144,receptor_07,-2.998,0.39718863834447005,4,ok
144,receptor_08,-3.804,0.1726350157999752,9,ok
144,receptor_09,-3.577,0.24967952183112735,5,ok
144,receptor_10,-3.905,0.012484217730421139,6,ok
145,1xq8,-3.477,0.03227530111987651,12,ok
145,receptor_01,-3.451,0.0786466438179614,8,ok
145,receptor_02,-3.924,0.3194095366207653,10,ok
145,receptor_03,-3.244,0.3303012037189253,4,ok
145,receptor_04,-3.432,0.22586050243666447,8,ok
147,receptor_03,-4.515,0.2702315812005833,8,ok
147,receptor_04,-4.906,0.4844101046632691,7,ok
147,receptor_05,-4.598,0.2702315812005833,8,ok
147,receptor_06,-4.937,0.2560771669766011,7,ok
147,receptor_07,-3.977,0.23834472016708558,9,ok
147,receptor_08,-4.786,0.17159490008453382,11,ok
147,receptor_09,-4.59,0.4751127915684878,6,ok
147,receptor_10,-4.702,0.0,7,ok
148,1xq8,-5.261,0.0,6,ok
148,receptor_01,-5.167,0.0,8,ok
148,receptor_02,-5.502,0.22189686876345352,12,ok
148,receptor_03,-4.862,0.2131888080889105,10,ok
148,receptor_04,-5.524,0.3547968480340348,9,ok
148,receptor_05,-4.629,0.3479872101890377,8,ok
148,receptor_06,-4.93,0.3264880195860703,7,ok
148,receptor_07,-4.489,0.22586050243666442,8,ok
148,receptor_08,-4.985,0.21337628470624329,7,ok
148,receptor_09,-5.022,0.10933010014606626,9,ok
148,receptor_10,-4.98,0.0,6,ok
149,1xq8,-6.446,0.01288207331639238,10,ok
156,receptor_04,-3.644,0.3769132160563424,6,ok
156,receptor_05,-3.233,0.17982720514366082,3,ok
156,receptor_06,-3.673,0.3264880195860704,7,ok
156,receptor_07,-3.268,0.40173289882156704,7,ok
156,receptor_08,-3.576,0.24192275275261882,6,ok
156,receptor_09,-3.777,0.2131888080889105,10,ok
156,receptor_10,-3.414,0.36895172338210314,6,ok
157,1xq8,-5.174,0.0,7,ok
157,receptor_01,-4.989,0.011166580472204925,7,ok
157,receptor_02,-5.254,0.29686428066324005,12,ok
157,receptor_03,-4.766,0.09811392445143383,8,ok
157,receptor_04,-4.798,0.2131888080889105,10,ok
157,receptor_05,-4.716,0.24192275275261882,6,ok
157,receptor_06,-5.377,0.1827355437387228,10,ok
157,receptor_07,-4.409,0.10969119850850179,7,ok
157,receptor_08,-4.844,0.32044727941062906,7,ok
157,receptor_09,-5.052,0.25318147536444957,12,ok
157,receptor_10,-4.903,0.009220284626177591,9,ok
158,1xq8,-5.243,0.0,8,ok
158,receptor_01,-5.008,0.08101301123340916,10,ok
105,receptor_05,-4.032,0.10928050492363876,9,ok
105,receptor_06,-4.286,0.24192275275261885,6,ok
105,receptor_07,-3.725,0.29562759664540444,6,ok
105,receptor_08,-4.199,0.19085564714450065,8,ok
105,receptor_09,-4.302,0.2792870712156548,5,ok
105,receptor_10,-4.066,0.0,6,ok
106,1xq8,-5.034,0.0,6,ok
106,receptor_01,-4.658,0.06603766022429398,10,ok
106,receptor_02,-5.055,0.37629603863700223,10,ok
106,receptor_03,-4.157,0.2792870712156548,5,ok
106,receptor_04,-4.866,0.40959426691584166,8,ok
106,receptor_05,-4.328,0.21318880808891053,10,ok
106,receptor_06,-4.472,0.2792870712156548,5,ok
106,receptor_07,-3.922,0.22586050243666447,8,ok
106,receptor_08,-4.53,0.3041067539808795,6,ok
106,receptor_09,-4.198,0.1317109716777931,5,ok
106,receptor_10,-4.264,0.0786466438179614,8,ok
107,1xq8,-4.899,0.0,5,ok
107,receptor_01,-4.556,0.0,7,ok
107,receptor_02,-4.97,0.3836408150159873,10,ok
149,receptor_01,-5.68,0.0,10,ok
149,receptor_02,-6.755,0.23590159219848886,13,ok
149,receptor_03,-5.588,0.2702315812005833,8,ok
149,receptor_04,-5.738,0.15343855964472092,12,ok
149,receptor_05,-5.416,0.2702315812005833,8,ok
149,receptor_06,-5.961,0.20202222761670555,9,ok
149,receptor_07,-5.176,0.4650848448316802,6,ok
149,receptor_08,-5.497,0.10933010014606623,9,ok
149,receptor_09,-5.296,0.25607716697660104,7,ok
149,receptor_10,-5.379,0.30410675398087944,6,ok
150,1xq8,-5.219,0.0012425148500565144,10,ok
150,receptor_01,-4.992,0.0,7,ok
150,receptor_02,-5.592,0.2430809474257019,11,ok
150,receptor_03,-4.851,0.2131888080889105,10,ok
150,receptor_04,-5.547,0.36895126225801705,10,ok
150,receptor_05,-4.328,0.36895126225801705,10,ok
150,receptor_06,-5.046,0.3479872101890377,8,ok
150,receptor_07,-4.537,0.2131888080889105,10,ok
150,receptor_08,-4.699,0.32892643674610406,7,ok
150,receptor_09,-4.791,0.1827355437387228,10,ok
107,receptor_03,-3.961,0.02496843546084227,7,ok
107,receptor_04,-4.624,0.40959426691584166,8,ok
107,receptor_05,-4.166,0.12217541623892292,8,ok
107,receptor_06,-4.282,0.3264880195860704,7,ok
107,receptor_07,-3.763,0.2956275966454044,6,ok
107,receptor_08,-4.242,0.09720698077808064,6,ok
107,receptor_09,-4.12,0.13171097167779308,5,ok
107,receptor_10,-4.206,0.0869473439792289,7,ok
108,1xq8,-5.32,0.0,7,ok
108,receptor_01,-5.764,0.06113679710865549,11,ok
108,receptor_02,-6.071,0.24482282558674645,9,ok
108,receptor_03,-5.638,0.7485826114484705,4,ok
108,receptor_04,-5.973,0.2311171533896311,13,ok
108,receptor_05,-6.053,0.10423801929462208,11,ok
108,receptor_06,-6.294,0.2956275966454044,6,ok
108,receptor_07,-4.393,0.2560771669766011,7,ok
108,receptor_08,-5.802,0.09398837198201382,9,ok
108,receptor_09,-6.006,0.24482282558674645,9,ok
108,receptor_10,-5.901,0.0,10,ok
109,1xq8,-4.852,0.0,6,ok
110,receptor_10,-4.892,0.0,5,ok
111,1xq8,-5.457,0.0,8,ok
111,receptor_01,-5.166,0.0,8,ok
111,receptor_02,-5.601,0.30044721347068337,9,ok
111,receptor_03,-4.67,0.20202222761670555,9,ok
111,receptor_04,-5.617,0.2702315812005833,8,ok
111,receptor_05,-5.321,0.016962331759481194,11,ok
111,receptor_06,-4.858,0.27928707121565477,5,ok
111,receptor_07,-4.337,0.2131888080889105,10,ok
111,receptor_08,-4.788,0.21337628470624329,7,ok
111,receptor_09,-4.743,0.581290365834581,5,ok
111,receptor_10,-4.673,0.23780298463842767,6,ok
112,1xq8,-4.028,0.0,8,ok
112,receptor_01,-3.724,0.0,8,ok
112,receptor_02,-4.09,0.22586050243666442,8,ok
112,receptor_03,-3.82,0.20202222761670555,9,ok
112,receptor_04,-4.075,0.31196812207515406,7,ok
112,receptor_05,-3.595,0.10423801929462208,11,ok
112,receptor_06,-4.131,0.16681046127567606,11,ok
112,receptor_07,-3.197,0.24192275275261882,6,ok
109,receptor_01,-4.871,0.0,8,ok
109,receptor_02,-4.895,0.4751127915684878,6,ok
109,receptor_03,-4.54,0.012484217730421136,6,ok
109,receptor_04,-5.257,0.35479684803403483,9,ok
109,receptor_05,-4.51,0.10928050492363875,9,ok
109,receptor_06,-4.708,0.2323386078563253,8,ok
109,receptor_07,-4.064,0.20781660633054344,9,ok
109,receptor_08,-4.813,0.30410675398087944,6,ok
109,receptor_09,-4.55,0.22586050243666442,8,ok
109,receptor_10,-4.343,0.011166580472204925,7,ok
110,1xq8,-5.496,0.0,9,ok
110,receptor_01,-5.134,0.08101301123340916,10,ok
110,receptor_02,-5.824,0.2856977001910351,11,ok
110,receptor_03,-4.753,0.20202222761670552,9,ok
110,receptor_04,-5.591,0.28438599542456555,9,ok
110,receptor_05,-4.778,0.2702315812005833,8,ok
110,receptor_06,-5.248,0.20781660633054344,9,ok
110,receptor_07,-4.583,0.09720698077808064,6,ok
110,receptor_08,-4.782,0.47594252128634323,5,ok
110,receptor_09,-5.372,0.2218968687634535,12,ok
114,receptor_06,-5.799,0.20202222761670552,9,ok
114,receptor_07,-4.844,0.2323386078563253,8,ok
114,receptor_08,-5.518,0.10902245810347984,11,ok
114,receptor_09,-5.486,0.15759017664949845,10,ok
114,receptor_10,-5.441,0.0,8,ok
115,1xq8,-3.628,0.0,10,ok
115,receptor_01,-3.543,0.06603766022429397,10,ok
115,receptor_02,-3.298,0.33030120371892524,4,ok
115,receptor_03,-3.169,0.1928360716774705,11,ok
115,receptor_04,-3.429,0.31196812207515406,7,ok
115,receptor_05,-3.057,0.31196812207515406,7,ok
115,receptor_06,-3.334,0.30410675398087944,6,ok
115,receptor_07,-2.885,0.1411377393890049,8,ok
115,receptor_08,-3.507,0.2323386078563253,8,ok
115,receptor_09,-3.322,0.2560771669766011,7,ok
115,receptor_10,-3.122,0.03745265319126341,8,ok
116,1xq8,-5.718,0.0012425148500565144,10,ok
116,receptor_01,-5.123,0.0,7,ok
116,receptor_02,-5.482,0.17603074590185366,12,ok
116,receptor_03,-5.049,0.20202222761670552,9,ok
112,receptor_08,-3.884,0.20202222761670552,9,ok
112,receptor_09,-3.433,0.7023340144472904,3,ok
112,receptor_10,-3.61,0.0,7,ok
113,1xq8,-3.765,0.0,10,ok
113,receptor_01,-3.504,0.0,5,ok
113,receptor_02,-3.976,0.26378514873682846,10,ok
113,receptor_03,-3.294,0.25607716697660104,7,ok
113,receptor_04,-3.805,0.31196812207515406,7,ok
113,receptor_05,-3.366,0.2131888080889105,10,ok
113,receptor_06,-3.88,0.24192275275261882,6,ok
113,receptor_07,-3.243,0.21337628470624329,7,ok
113,receptor_08,-3.79,0.15759017664949845,10,ok
113,receptor_09,-3.54,0.2560771669766011,7,ok
113,receptor_10,-3.664,0.0,7,ok
114,1xq8,-5.832,0.0,12,ok
114,receptor_01,-5.517,0.018440569252355182,10,ok
114,receptor_02,-5.923,0.2799033214771971,11,ok
114,receptor_03,-5.185,0.27757635757956844,8,ok
114,receptor_04,-5.937,0.25082893789750665,10,ok
114,receptor_05,-5.405,0.08874717175670903,9,ok
158,receptor_02,-5.615,0.5137633112316656,8,ok
158,receptor_03,-4.709,0.011166580472204927,7,ok
158,receptor_04,-5.135,0.31196812207515406,7,ok
158,receptor_05,-4.721,0.16001980012575756,7,ok
158,receptor_06,-5.053,0.22586050243666442,8,ok
158,receptor_07,-4.428,0.21337628470624329,7,ok
158,receptor_08,-5.023,0.26342194335558616,7,ok
158,receptor_09,-4.979,0.4457595850000914,5,ok
158,receptor_10,-4.857,0.0,5,ok
159,1xq8,-3.971,0.018943397790627786,12,ok
159,receptor_01,-3.819,0.0,7,ok
159,receptor_02,-3.994,0.39325374148609205,7,ok
159,receptor_03,-3.318,0.28796299574026224,8,ok
159,receptor_04,-3.797,0.35479684803403483,9,ok
159,receptor_05,-3.408,0.2702315812005833,8,ok
159,receptor_06,-3.528,0.19085564714450062,8,ok
159,receptor_07,-3.291,0.23777542911421198,7,ok
159,receptor_08,-3.701,0.2323386078563253,8,ok
159,receptor_09,-3.758,0.23777542911421198,7,ok
159,receptor_10,-3.4,0.44002949918430284,4,ok
160,1xq8,-4.711,0.0013507978422093822,9,ok
160,receptor_01,-4.91,0.07864664381796138,8,ok
160,receptor_02,-5.058,0.27990332147719715,11,ok
160,receptor_03,-4.493,0.02233316094440985,8,ok
160,receptor_04,-5.048,0.3406424338100526,8,ok
160,receptor_05,-4.756,0.12217541623892292,8,ok
160,receptor_06,-4.63,0.35965441028732165,5,ok
160,receptor_07,-4.282,0.0,10,ok
160,receptor_08,-4.489,0.44002949918430284,4,ok
160,receptor_09,-5.025,0.16681046127567606,11,ok
160,receptor_10,-4.406,0.27928707121565477,5,ok
161,1xq8,-4.568,0.015341728164052432,8,ok
161,receptor_01,-4.611,0.06603766022429397,10,ok
161,receptor_02,-4.594,0.3977952292399695,11,ok
161,receptor_03,-3.795,0.26342194335558616,7,ok
161,receptor_04,-4.237,0.16001980012575753,7,ok
161,receptor_05,-3.873,0.02496843546084227,7,ok
161,receptor_06,-4.17,0.21337628470624329,7,ok
161,receptor_07,-3.622,0.0,5,ok
161,receptor_08,-4.112,0.2918407937962321,4,ok
161,receptor_09,-4.004,0.0950177346684445,10,ok
161,receptor_10,-3.926,0.12865352165858382,7,ok
162,1xq8,-3.265,0.016960959186042835,7,ok
162,receptor_01,-3.454,0.08694734397922892,7,ok
162,receptor_02,-3.173,0.2687367410049923,10,ok
162,receptor_03,-3.028,0.2792870712156548,5,ok
162,receptor_04,-3.563,0.28438599542456555,9,ok
162,receptor_05,-2.901,0.3119681220751541,7,ok
162,receptor_06,-3.367,0.19085564714450065,8,ok
162,receptor_07,-2.779,0.21627623851124458,6,ok
162,receptor_08,-3.289,0.1726350157999752,9,ok
162,receptor_09,-3.159,0.44002949918430295,4,ok
162,receptor_10,-3.256,0.009220284626177593,9,ok
163,1xq8,-5.085,0.016960959186042835,7,ok
163,receptor_01,-4.851,0.0,7,ok
163,receptor_02,-5.225,0.29686428066323994,12,ok
163,receptor_03,-4.615,0.0202010558774953,9,ok
163,receptor_04,-4.976,0.3264880195860703,7,ok
163,receptor_05,-4.61,0.4751127915684878,6,ok
163,receptor_06,-4.833,0.2575701605327873,9,ok
170,receptor_10,-5.731,0.31293143120110456,10,ok
171,1xq8,-3.529,0.0,5,ok
171,receptor_01,-3.776,0.0,9,ok
171,receptor_02,-3.535,0.3204472794106291,7,ok
171,receptor_03,-3.314,0.02830882844796447,6,ok
171,receptor_04,-3.591,0.2799033214771972,11,ok
171,receptor_05,-3.037,0.2560771669766011,7,ok
171,receptor_06,-3.405,0.4017328988215671,7,ok
171,receptor_07,-2.819,0.2792870712156548,5,ok
171,receptor_08,-3.396,0.08694734397922892,7,ok
171,receptor_09,-3.098,0.47511279156848785,6,ok
171,receptor_10,-3.276,0.0,6,ok
163,receptor_07,-4.104,0.3849196594185086,4,ok
163,receptor_08,-4.61,0.19085564714450065,8,ok
163,receptor_09,-5.072,0.47511279156848785,6,ok
163,receptor_10,-4.361,0.2792870712156548,5,ok
164,1xq8,-3.498,0.0,7,ok
164,receptor_01,-3.276,0.0,6,ok
164,receptor_02,-3.79,0.4095942669158418,8,ok
164,receptor_03,-3.078,0.22586050243666447,8,ok
164,receptor_04,-3.327,0.176255270514464,7,ok
164,receptor_05,-3.086,0.05797577949476684,5,ok
164,receptor_06,-3.414,0.30410675398087944,6,ok
164,receptor_07,-2.872,0.2702315812005834,8,ok
164,receptor_08,-3.323,0.22477756551658631,10,ok
164,receptor_09,-3.339,0.19085564714450065,8,ok
164,receptor_10,-3.067,0.0,6,ok
165,1xq8,-5.695,0.0,7,ok
165,receptor_01,-5.191,0.0,9,ok
165,receptor_02,-5.563,0.3318937543511865,11,ok
165,receptor_03,-4.693,0.25607716697660116,7,ok
165,receptor_04,-5.577,0.31293143120110456,10,ok
167,receptor_03,-3.219,0.4457595850000914,5,ok
167,receptor_04,-3.505,0.34064243381005255,8,ok
167,receptor_05,-2.967,0.014154414223982233,5,ok
167,receptor_06,-3.597,0.5204190289809192,2,ok
167,receptor_07,-2.848,0.33030120371892524,4,ok
167,receptor_08,-3.309,0.10390830316527173,8,ok
167,receptor_09,-3.286,0.24192275275261882,6,ok
167,receptor_10,-3.097,0.393253741486092,7,ok
168,1xq8,-4.508,0.0,8,ok
168,receptor_01,-4.703,0.0,9,ok
168,receptor_02,-4.499,0.4344139496810663,9,ok
168,receptor_03,-3.879,0.0,3,ok
168,receptor_04,-4.434,0.2660200472608769,6,ok
168,receptor_05,-4.328,0.02233316094440985,8,ok
168,receptor_06,-4.643,0.35965441028732165,5,ok
168,receptor_07,-4.102,0.0,8,ok
168,receptor_08,-4.282,0.17982720514366085,4,ok
168,receptor_09,-3.803,0.0,5,ok
168,receptor_10,-3.897,0.0869473439792289,7,ok
169,1xq8,-5.14,0.03227530111987651,12,ok
165,receptor_05,-4.739,0.21318880808891044,10,ok
165,receptor_06,-5.042,0.320447279410629,7,ok
165,receptor_07,-4.501,0.4428931070165413,9,ok
165,receptor_08,-4.94,0.07864664381796138,8,ok
165,receptor_09,-5.04,0.29562759664540444,6,ok
165,receptor_10,-4.6,0.10969119850850179,7,ok
166,1xq8,-3.755,0.176255270514464,7,ok
166,receptor_01,-3.88,0.0,8,ok
166,receptor_02,-4.101,0.2573070433171676,10,ok
166,receptor_03,-3.586,0.24192275275261882,6,ok
166,receptor_04,-3.832,0.27023158120058327,8,ok
166,receptor_05,-3.379,0.3769132160563424,6,ok
166,receptor_06,-3.664,0.24192275275261882,6,ok
166,receptor_07,-2.917,0.24365879276823027,3,ok
166,receptor_08,-3.556,0.2559277716941918,4,ok
166,receptor_09,-3.69,0.11507488363747664,8,ok
166,receptor_10,-3.287,0.012484217730421136,6,ok
167,1xq8,-3.383,0.0,6,ok
167,receptor_01,-3.628,0.0869473439792289,7,ok
167,receptor_02,-3.908,0.33189375435118645,11,ok
169,receptor_01,-5.147,0.018440569252355186,10,ok
169,receptor_02,-5.509,0.2531814753644496,12,ok
169,receptor_03,-4.763,0.18273554373872283,10,ok
169,receptor_04,-4.78,0.10928050492363876,9,ok
169,receptor_05,-4.738,0.26378514873682846,10,ok
169,receptor_06,-5.182,0.2575701605327874,9,ok
169,receptor_07,-4.427,0.009220284626177593,9,ok
169,receptor_08,-4.862,0.14612570224197943,13,ok
169,receptor_09,-4.832,0.21318880808891047,10,ok
169,receptor_10,-5.093,0.008481165879740597,10,ok
170,1xq8,-5.931,0.011926054012334228,11,ok
170,receptor_01,-5.82,0.061136797108655494,11,ok
170,receptor_02,-6.353,0.2235195280055753,13,ok
170,receptor_03,-5.471,0.3762960386370022,10,ok
170,receptor_04,-5.714,0.21318880808891047,10,ok
170,receptor_05,-5.625,0.2301497672749533,11,ok
170,receptor_06,-5.899,0.2560771669766011,7,ok
170,receptor_07,-5.351,0.4095942669158417,8,ok
170,receptor_08,-5.648,0.23233860785632535,8,ok
170,receptor_09,-5.783,0.30692531889034425,9,ok
