id,smiles,score_1xq8,plif_1xq8,score_we_mean,plif_we_mean,SC1,SC2,SC3,SC4
0,C=C(C)c1ccc2nccc(S(=O)(=O)N3CCCNCC3)c2c1,-4.061,0.015341728164052432,-3.8090765999999996,0.26352187348712386,4.061,3.8090765999999996,4.107025184492157,4.599642220461371
1,C=CCN1CCN(S(=O)(=O)c2ccnc3cc(Cl)ccc23)CC1,-5.201,0.0,-4.9298857,0.20063467822769376,5.201,4.9298857,5.201,5.531789734683081
2,C=Cc1cc2cc(S(=O)(=O)N3CCCNCC3)ccc2[nH]1,-4.292,0.0,-3.7924025,0.23248096445255148,4.292,3.7924025,4.292,4.489845393357655
3,CC(C)N1CCN(S(=O)(=O)c2ccnc3ccc(Cl)cc23)CC1,-5.139,0.0,-5.0153796,0.21073370615072323,5.139,5.0153796,5.139,5.64758071845217
4,CC(CC1CCN(C(=O)c2csc3ccccc23)CC1)N1CCNCC1,-5.96,0.0009408365554456228,-5.719698000000001,0.1885659835023534,5.96,5.719698000000001,5.962822509666337,6.285395950507061
5,CC1(O)CCN(S(=O)(=O)c2ccnc3ccccc23)CC1,-5.455,0.0,-4.873831300000001,0.25526889533561054,5.455,4.873831300000001,5.455,5.639637986006832
6,CC=CN1CCN(S(=O)(=O)c2ccnc3ccc(NC(C)=O)cc23)CC1,-5.375,0.0,-5.567262,0.16462015432708682,5.375,5.567262,5.375,6.061122462981261
7,CCN1CCCN(S(=O)(=O)c2cccc3ccccc23)CC1,-3.555,0.0,-3.6282910999999998,0.28703884559857484,3.555,3.6282910999999998,3.555,4.4894076367957245
8,CCN1CCCN(S(=O)(=O)c2ccnc3cc(Cl)ccc23)CC1,-3.459,0.0,-3.6084416,0.24025183741743045,3.459,3.6084416,3.459,4.329197112252292
9,CCN1CCCN(S(=O)(=O)c2cncc3ccccc23)CC1,-3.659,0.0,-3.4800851000000006,0.2186648431387532,3.659,3.4800851000000006,3.659,4.13607962941626
10,CCN1CCN(C)C(S(=O)(=O)c2ccnc3ccccc23)C1,-5.426,0.0013507978422093825,-5.062025499999999,0.23638342027835518,5.426,5.062025499999999,5.430052393526628,5.771175760835065
11,CCN1CCN(S(=O)(=O)c2ccnc3cc(Cl)ccc23)CC1,-5.278,0.01400472343503534,-4.809072,0.21457893974517245,5.278,4.809072,5.320014170305106,5.452808819235517
12,CCN1CCN(S(=O)(=O)c2ccnc3ccccc23)CC1,-4.877,0.012882073316392378,-4.725182300000001,0.19970444502229592,4.877,4.725182300000001,4.915646219949177,5.324295635066889
13,CCOC(=O)N1CCCN(S(=O)(=O)c2ccnc3ccccc23)CC1,-3.677,0.0,-3.4491559000000005,0.1753739062679293,3.677,3.4491559000000005,3.677,3.9752776188037884
14,CCOc1ccc2c(c1)CCCN2S(=O)(=O)c1ccnc2ccccc12,-5.715,0.0,-5.587812700000001,0.2429764322015595,5.715,5.587812700000001,5.715,6.316741996604679
15,CCOc1ccc2nccc(S(=O)(=O)N3CCCNCC3)c2c1,-3.678,0.02496843546084227,-3.5075303,0.22873229496895123,3.678,3.5075303,3.7529053063825266,4.193727184906853
16,CCSc1cccc2c(S(=O)(=O)N3CCNCC3)cccc12,-5.143,0.0,-4.8163271,0.27612093330032084,5.143,4.8163271,5.143,5.644689899900962
17,CCc1ccc(S(=O)(=O)N2CCCNCC2)cc1,-3.781,0.0,-3.3508014999999998,0.18062813079848894,3.781,3.3508014999999998,3.781,3.8926858923954666
18,CN(CCc1ccccc1)S(=O)(=O)c1ccnc2ccccc12,-4.33,0.0,-4.0471457,0.2572488972166706,4.33,4.0471457,4.33,4.818892391650012
19,CN1CCCN(S(=O)(=O)c2cccc3ccccc23)CC1,-3.527,0.0,-3.7146227999999994,0.3815468891663227,3.527,3.7146227999999994,3.527,4.859263467498968
20,CN1CCCN(S(=O)(=O)c2cccc3cccnc23)CC1,-3.513,0.0,-3.4387231000000003,0.2755318600704953,3.513,3.4387231000000003,3.513,4.265318680211486
21,CN1CCCN(S(=O)(=O)c2ccnc3c(C(F)(F)F)cccc23)CC1,-4.288,0.0,-3.8552350000000004,0.21925503030184867,4.288,3.8552350000000004,4.288,4.513000090905546
22,CN1CCCN(S(=O)(=O)c2ccnc3ccc(Cl)cc23)CC1,-3.774,0.0,-3.526517,0.25072206047571055,3.774,3.526517,3.774,4.278683181427132
23,CN1CCCN(S(=O)(=O)c2ccnc3ccccc23)CC1,-3.596,0.0,-3.4906402,0.35917111966394333,3.596,3.4906402,3.596,4.56815355899183
24,CN1CCCN(S(=O)(=O)c2sc3ccccc3c2Cl)CC1,-3.77,0.0,-3.5142589,0.3222332668494441,3.77,3.5142589,3.77,4.4809587005483325
25,CN1CCN(S(=O)(=O)C2=CC=NC3(Cl)C=CC=C23)CC1,-5.498,0.0,-4.650527500000001,0.27055710001265026,5.498,4.650527500000001,5.498,5.462198800037951
26,CN1CCN(S(=O)(=O)c2cccc3cnccc23)CC1,-4.611,0.0,-4.7278222,0.23850552694679722,4.611,4.7278222,4.611,5.443338780840392
27,CN1CCN(S(=O)(=O)c2ccnc3c(Cl)cccc23)CC1,-5.075,0.0,-4.8728986999999995,0.2738011162415014,5.075,4.8728986999999995,5.075,5.694302048724504
28,CN1CCN(S(=O)(=O)c2ccnc3ccc(Cl)cc23)CC1,-5.035,0.01696095918604283,-4.9004673,0.2809643095205098,5.035,4.9004673,5.085882877558129,5.74336022856153
29,CN1CCN(S(=O)(=O)c2ccnc3ccccc23)CC1,-5.004,0.0,-4.748963799999999,0.24390467166715346,5.004,4.748963799999999,5.004,5.48067781500146
30,CN1CCN(S(=O)(=O)c2cnc3ccccc3c2)CC1,-5.232,0.0,-4.8250735,0.21891717112754697,5.232,4.8250735,5.232,5.481825013382641
31,COc1cc2c(S(=O)(=O)N3CCCN(C)CC3)ccnc2cn1,-3.376,0.0,-3.3879651,0.2550792577725125,3.376,3.3879651,3.376,4.153202873317538
32,COc1ccc(S(=O)(=O)N2CCNCC2)cc1,-4.778,0.0013507978422093825,-4.295128199999999,0.19693524531517123,4.778,4.295128199999999,4.7820523935266275,4.885933935945513
33,COc1ccc2nccc(S(=O)(=O)N3CC[C@H](N)C3)c2c1,-4.861,0.0,-4.795115900000001,0.22178240324029183,4.861,4.795115900000001,4.861,5.460463109720877
34,C[C@@H]1CN(S(=O)(=O)c2ccnc3ccccc23)C[C@H](C)N1,-5.258,0.0,-5.020088199999999,0.2465424788571487,5.258,5.020088199999999,5.258,5.759715636571445
35,C[C@@H]1CNC[C@H](C)N1S(=O)(=O)c1ccnc2ccccc12,-5.159,0.0,-4.9777282000000005,0.22504639432892504,5.159,4.9777282000000005,5.159,5.652867382986775
36,C[C@H]1CN(S(=O)(=O)c2ccnc3ccccc23)[C@@H](C)CN1,-5.252,0.0,-4.995779500000001,0.2196211498178329,5.252,4.995779500000001,5.252,5.6546429494535
37,C[C@H]1CNCCN1S(=O)(=O)c1ccnc2ccccc12,-5.08,0.0,-4.767640299999999,0.21336122985803976,5.08,4.767640299999999,5.08,5.4077239895741185
38,C[C@H]1[C@H](N)CCN1S(=O)(=O)c1ccnc2ccccc12,-5.078,0.00975435061032978,-4.732569800000001,0.16793165634897894,5.078,4.732569800000001,5.10726305183099,5.236364769046938
39,C[N+]1(C)CCN(S(=O)(=O)c2ccnc3ccccc23)CC1,-4.851,0.0,-4.6821004,0.24163871234080114,4.851,4.6821004,4.851,5.407016537022404
40,Cc1c(S(=O)(=O)N2CCNCC2)sc2ccccc12,-5.185,0.0,-4.8707242,0.2645809266289313,5.185,4.8707242,5.185,5.664466979886794
41,Cc1cc(F)ccc1S(=O)(=O)N1CCCNCC1,-3.623,0.0,-3.3271052,0.1922148600435557,3.623,3.3271052,3.623,3.903749780130667
42,Cc1cc(S(=O)(=O)N2CCNCC2)c2ccccc2n1,-5.01,0.0,-4.991291200000001,0.30102963473637795,5.01,4.991291200000001,5.01,5.894380104209135
43,Cc1ccc2c(S(=O)(=O)N3C[C@H]4CN[C@H]4C3)ccnc2c1,-5.741,0.0,-5.1990644999999995,0.2141110856582775,5.741,5.1990644999999995,5.741,5.841397756974832
44,Cn1ccc2cc(S(=O)(=O)N3CCNCC3)ccc21,-4.88,0.0,-4.8540796,0.24134430352929437,4.88,4.8540796,4.88,5.578112510587884
45,N#Cc1ccc2c(S(=O)(=O)N3CCCNC3)ccnc2c1,-5.469,0.0,-5.169050400000001,0.2485591790699019,5.469,5.169050400000001,5.469,5.914727937209706
46,N#Cc1ccc2c(S(=O)(=O)N3C[C@H]4CNC[C@H]4C3)ccnc2c1,-5.436,0.0,-5.4007525,0.2330409283410414,5.436,5.4007525,5.436,6.099875285023124
47,N=C(N)N1CCCN(S(=O)(=O)c2ccnc3ccccc23)CC1,-3.965,0.021980488508741694,-3.7968732000000003,0.1932625446266942,3.965,3.7968732000000003,4.030941465526225,4.3766608338800825
48,N=C(N)N1CCN(S(=O)(=O)c2ccnc3ccccc23)CC1,-5.777,0.0,-5.2234150999999995,0.1961136993454814,5.777,5.2234150999999995,5.777,5.811756198036444
49,NC1CCN(S(=O)(=O)c2ccc(Cl)nc2)CC1,-4.929,0.0,-4.4217559,0.22213462096343195,4.929,4.4217559,4.929,5.088159762890296
50,NC1CCN(S(=O)(=O)c2cccc3ccccc23)CC1,-5.341,0.0,-5.180797200000001,0.24157069045884885,5.341,5.180797200000001,5.341,5.905509271376547
51,NC1CCN(S(=O)(=O)c2cccnc2)CC1,-4.697,0.0,-4.2026698,0.12325462054783318,4.697,4.2026698,4.697,4.572433661643499
52,NC1CCN(S(=O)(=O)c2ccnc3ccccc23)C1,-4.916,0.0,-4.742877000000001,0.21197981583256262,4.916,4.742877000000001,4.916,5.378816447497689
53,NC1CCN(S(=O)(=O)c2ccnc3ccccc23)CC1,-5.375,0.023896049569923396,-4.775028700000001,0.21891524414294122,5.375,4.775028700000001,5.44668814870977,5.431774432428824
54,NC1CN(S(=O)(=O)c2cccc3cnccc23)C1,-4.601,0.0,-4.5178391,0.26701952678848856,4.601,4.5178391,4.601,5.318897680365465
55,NCC1CCCCN1S(=O)(=O)c1ccnc2ccccc12,-5.107,0.0,-4.807058,0.16491371318639828,5.107,4.807058,5.107,5.301799139559194
56,NCC1CCCN(S(=O)(=O)c2cccnc2)C1,-4.68,0.0,-4.3078716,0.1913860441624525,4.68,4.3078716,4.68,4.882029732487358
57,NCC1CCN(S(=O)(=O)c2ccnc3ccccc23)CC1,-5.547,0.0,-4.932031,0.19216470279843484,5.547,4.932031,5.547,5.508525108395305
58,NCCC1CCN(S(=O)(=O)c2ccnc3ccccc23)CC1,-5.248,0.0,-4.8644169999999995,0.1812076670117153,5.248,4.8644169999999995,5.248,5.408040001035145
59,NS(=O)(=O)c1ccnc2ccccc12,-4.307,0.0,-4.2272783,0.18260934076986862,4.307,4.2272783,4.307,4.775106322309606
60,N[C@@H]1CCN(S(=O)(=O)c2ccc(-n3ccnc3)c3ccccc23)C1,-5.301,0.021980488508741694,-5.3254725,0.22680385312035276,5.301,5.3254725,5.366941465526225,6.005884059361058
61,N[C@H]1CCN(C(=O)c2ccnc3ccccc23)C1,-5.307,0.0,-4.8892405,0.18323847322984124,5.307,4.8892405,5.307,5.438955919689524
62,N[C@H]1CCN(S(=O)(=O)c2cccnc2)C1,-4.541,0.0,-4.1591735,0.1903907753864159,4.541,4.1591735,4.541,4.7303458261592475
63,N[C@H]1CCN(S(=O)(=O)c2nc3ccccc3s2)C1,-5.227,0.0,-4.7218694,0.1906264404027503,5.227,4.7218694,5.227,5.293748721208251
64,Nc1ccc(S(=O)(=O)N2CCCNCC2)cc1,-3.357,0.0,-3.1946828000000003,0.16298943482437142,3.357,3.1946828000000003,3.357,3.6836511044731144
65,Nc1ccc(S(=O)(=O)N2CCNCC2)cc1,-4.532,0.0,-4.2932335,0.3409125239784121,4.532,4.2932335,4.532,5.315971071935237
66,Nc1ccc(S(=O)(=O)N2CCNCC2)cn1,-4.579,0.0,-4.274475,0.15406144262292593,4.579,4.274475,4.579,4.736659327868778
67,Nc1cccc(N2CCN(S(=O)(=O)c3ccnc4ccccc34)CC2)c1,-6.214,0.0,-5.4865346,0.17023567245064455,6.214,5.4865346,6.214,5.997241617351934
68,Nc1cccc(S(=O)(=O)N2CCCNCC2)c1,-3.434,0.01288207331639238,-3.2366962,0.2377225979123601,3.434,3.2366962,3.472646219949177,3.9498639937370803
69,Nc1nccc(N2CCC(NS(=O)(=O)c3ccnc4ccccc34)CC2)n1,-5.713,0.0,-5.7592689,0.1879020659455002,5.713,5.7592689,5.713,6.322975097836501
70,Nc1nccc(S(=O)(=O)N2CCCNCC2)n1,-3.449,0.0013507978422093822,-3.1758467,0.17857668908264446,3.449,3.1758467,3.453052393526628,3.7115767672479336
71,O=C(Nc1ccc2ccccc2c1)N1CCCNCC1,-4.211,0.0,-4.1059818,0.25778061914231143,4.211,4.1059818,4.211,4.8793236574269345
72,O=C1CN(S(=O)(=O)c2ccnc3ccccc23)CCN1,-5.164,0.0,-5.0841461,0.2317701481745172,5.164,5.0841461,5.164,5.779456544523551
73,O=S(=O)(/C=C/c1cccc2ncccc12)N1CCCN(C2CC2)CC1,-3.911,0.0,-3.8919731000000004,0.18808152862076355,3.911,3.8919731000000004,3.911,4.456217685862291
74,O=S(=O)(CN1CCCNCC1)c1cccnc1,-3.179,0.0,-3.0109475,0.1149122018541437,3.179,3.0109475,3.179,3.355684105562431
75,O=S(=O)(Cc1ccccc1)N1CCCNCC1,-3.441,0.028940230297529214,-3.1590145,0.2311005147257318,3.441,3.1590145,3.5278206908925873,3.8523160441771953
76,O=S(=O)(N1CCNCC1)N1CCCc2ccccc2C1,-4.038,0.0,-3.6649008,0.24883891134373615,4.038,3.6649008,4.038,4.411417534031209
77,O=S(=O)(NC1CC2CCC(C1)N2)c1ccnc2ccccc12,-5.349,0.0,-5.2750303999999995,0.20986099312306336,5.349,5.2750303999999995,5.349,5.90461337936919
78,O=S(=O)(NC1CCCNC1)c1ccnc2ccccc12,-5.62,0.0384886298280419,-5.071488400000001,0.18741044557718295,5.62,5.071488400000001,5.735465889484126,5.63371973673155
79,O=S(=O)(NC1CCN(CCF)C1)c1ccnc2ccccc12,-5.057,0.21823370501895836,-4.7994972,0.2115371489015927,5.057,4.7994972,5.711701115056876,5.434108646704779
80,O=S(=O)(NC1CCN2CCCC[C@H]2C1)c1ccnc2ccccc12,-5.508,0.0,-5.5397172,0.22812390154566667,5.508,5.5397172,5.508,6.224088904637
81,O=S(=O)(NC1CCNCC1)c1ccnc2ccccc12,-4.913,0.0012425148500565144,-5.0367287,0.20623109773513348,4.913,5.0367287,4.91672754455017,5.655421993205401
82,O=S(=O)(NC1CN2CCC1CC2)c1ccnc2ccccc12,-5.257,0.0,-5.226563400000001,0.23809543809514422,5.257,5.226563400000001,5.257,5.9408497142854335
83,O=S(=O)(NC1CNC1)c1ccnc2ccccc12,-5.106,0.0,-4.8970706,0.24346008969346467,5.106,4.8970706,5.106,5.627450869080394
84,O=S(=O)(NCCC1CCNCC1)c1ccnc2ccccc12,-4.615,0.0,-5.0006794999999995,0.17972655708687987,4.615,5.0006794999999995,4.615,5.539859171260639
85,O=S(=O)(NCCCCN1CCCCCCC1)c1ccnc2ccccc12,-3.381,0.0,-3.4679352000000003,0.21909608294100605,3.381,3.4679352000000003,3.381,4.125223448823019
86,O=S(=O)(NCCCCN1CCOCC1)c1ccnc2ccccc12,-4.822,0.2687367410049923,-4.8457884,0.18862099092980716,4.822,4.8457884,5.628210223014976,5.4116513727894215
87,O=S(=O)(NCCCN1CCCCC1)c1ccnc2ccccc12,-4.863,0.21318880808891044,-4.7638059,0.23766177457991816,4.863,4.7638059,5.502566424266732,5.476791223739755
88,O=S(=O)(NCCN1CCCC1)c1ccnc2ccccc12,-4.732,0.0,-4.743265999999999,0.17459049490191023,4.732,4.743265999999999,4.732,5.26703748470573
89,O=S(=O)(NC[C@H]1CCCN1)c1ccnc2ccccc12,-4.841,0.0,-5.1501248,0.16361265467620292,4.841,5.1501248,4.841,5.640962764028609
90,O=S(=O)(N[C@@H]1C2CNC[C@@H]1C2)c1ccnc2ccccc12,-5.368,0.0,-5.1471580999999995,0.2536133291076388,5.368,5.1471580999999995,5.368,5.907998087322916
91,O=S(=O)(Nc1cccc2ncccc12)N1CCNCC1,-5.046,0.0,-5.0280754,0.1910173946607541,5.046,5.0280754,5.046,5.601127583982262
92,O=S(=O)(Nc1ccnc2ccccc12)C1CCNCC1,-5.168,0.0,-5.006467600000001,0.2167561945145355,5.168,5.006467600000001,5.168,5.656736183543607
93,O=S(=O)(c1c(F)ccc2cnccc12)N1CCCNCC1,-4.013,0.0011503039028698228,-3.6377517999999993,0.25461418279020287,4.013,3.6377517999999993,4.01645091170861,4.401594348370608
94,O=S(=O)(c1c(F)ccc2ncccc12)N1CCCNCC1,-3.887,0.03790077300495874,-3.6848199000000004,0.19122508568893246,3.887,3.6848199000000004,4.000702319014876,4.258495157066798
95,O=S(=O)(c1cc(Cl)cc2ncccc12)N1CCCNCC1,-3.77,0.0,-3.5659497,0.28692004199121945,3.77,3.5659497,3.77,4.426709825973658
96,O=S(=O)(c1cc(Cl)nc2ccccc12)N1CCNCC1,-4.973,0.0,-4.81671,0.2751807469199325,4.973,4.81671,4.973,5.642252240759797
97,O=S(=O)(c1cc(F)cc(F)c1)N1CCCNCC1,-3.788,0.0,-3.2299637999999997,0.2761322363926626,3.788,3.2299637999999997,3.788,4.058360509177987
98,O=S(=O)(c1cc(F)cc2ncccc12)N1CCCNCC1,-3.636,0.0,-3.6737536,0.2176532926577521,3.636,3.6737536,3.636,4.326713477973256
99,O=S(=O)(c1cc(F)nc2ccccc12)N1CCNCC1,-4.947,0.0013507978422093822,-4.9257329,0.276148028457033,4.947,4.9257329,4.951052393526628,5.754176985371099
100,O=S(=O)(c1cc2cc(Cl)ccc2o1)N1CCCNCC1,-3.977,0.01400472343503534,-3.5769314,0.24594850190182296,3.977,3.5769314,4.019014170305106,4.314776905705469
101,O=S(=O)(c1cc2ccccc2cn1)N1CCCNCC1,-3.712,0.011926054012334228,-3.6277820999999997,0.2721220109339947,3.712,3.6277820999999997,3.7477781620370028,4.444148132801984
102,O=S(=O)(c1cc2ccccc2s1)N1CCNCC1,-5.095,0.0,-4.784188800000001,0.25851757487161575,5.095,4.784188800000001,5.095,5.559741524614848
103,O=S(=O)(c1ccc(Cl)c(Cl)c1)N1CCCNCC1,-3.477,0.0010708339378363628,-3.2278360000000004,0.20326796601028502,3.477,3.2278360000000004,3.480212501813509,3.8376398980308553
104,O=S(=O)(c1ccc(Cl)c(Cl)c1)N1CCCNCCC1,-2.927,0.0,-3.0849042,0.2474420311568008,2.927,3.0849042,2.927,3.8272302934704023
105,O=S(=O)(c1ccc(Cl)cc1)N1CCNCC1,-4.845,0.0,-4.3039403,0.21953779321704747,4.845,4.3039403,4.845,4.962553679651142
106,O=S(=O)(c1ccc(F)c(Cl)c1)N1CCNCC1,-5.034,0.0,-4.4367749000000005,0.22950184602213305,5.034,4.4367749000000005,5.034,5.125280438066399
107,O=S(=O)(c1ccc(F)cc1)N1CCNCC1,-4.899,0.0,-4.2889345,0.20105532046105998,4.899,4.2889345,4.899,4.89210046138318
108,O=S(=O)(c1ccc2c(Br)cccc2c1)N1CCCC(N2CCCCC2)C1,-5.32,0.0,-5.7583675,0.23493063578471127,5.32,5.7583675,5.32,6.463159407354134
109,O=S(=O)(c1ccc2c(c1)OCCO2)N1CCNCC1,-4.852,0.0,-4.640668799999999,0.1893890774675247,4.852,4.640668799999999,4.852,5.208836032402574
110,O=S(=O)(c1ccc2ccccc2n1)N1CCNCC1,-5.496,0.0,-5.1162251,0.19859688907840328,5.496,5.1162251,5.496,5.71201576723521
111,O=S(=O)(c1ccc2cccnc2c1)N1CCNCC1,-5.457,0.0,-5.0164995999999995,0.2116228568792222,5.457,5.0164995999999995,5.457,5.651368170637666
112,O=S(=O)(c1ccc2ncccc2c1)N1CCCN(CC2CC2)CC1,-4.028,0.0,-3.7277971000000005,0.2211839747442604,4.028,3.7277971000000005,4.028,4.391349024232782
113,O=S(=O)(c1ccc2ncccc2c1)N1CCCNCC1,-3.765,0.0,-3.5647624,0.20257524788867354,3.765,3.5647624,3.765,4.172488143666021
114,O=S(=O)(c1ccc2ncccc2c1)N1CCN(CC2CCCN2)CC1,-5.832,0.0,-5.4902785000000005,0.16914803782448085,5.832,5.4902785000000005,5.832,5.997722613473443
115,O=S(=O)(c1ccc2ncsc2c1)N1CCCNCC1,-3.628,0.0,-3.2486378,0.2311548626601777,3.628,3.2486378,3.628,3.9421023879805333
116,O=S(=O)(c1cccc(Cl)c1)N1CCN(C2CCCCC2)CC1,-5.718,0.0012425148500565144,-5.002838500000001,0.18916821314818041,5.718,5.002838500000001,5.72172754455017,5.570343139444542
117,O=S(=O)(c1cccc(F)c1)N1CCCNCC1,-3.331,0.023896049569923396,-3.2503628,0.28512417982866184,3.331,3.2503628,3.40268814870977,4.105735339485985
118,O=S(=O)(c1cccc2ccccc12)N1CCCNCC1,-3.967,0.0,-3.7093434000000003,0.24635673948381986,3.967,3.7093434000000003,3.967,4.44841361845146
119,O=S(=O)(c1cccc2cccnc12)N1CCCNCC1,-4.023,0.0,-3.4761641000000005,0.18675411810690254,4.023,3.4761641000000005,4.023,4.036426454320708
120,O=S(=O)(c1cccc2cccnc12)N1CCNCC1,-5.151,0.0,-4.8893471,0.14805142632370252,5.151,4.8893471,5.151,5.333501378971108
121,O=S(=O)(c1cccc2cnccc12)N1CCCNCC1,-3.735,0.0,-3.4869959000000006,0.2506064151347499,3.735,3.4869959000000006,3.735,4.23881514540425
122,O=S(=O)(c1cccc2cnccc12)N1CCNCC1,-5.072,0.0013507978422093825,-4.8369518000000005,0.2286490621605638,5.072,4.8369518000000005,5.076052393526628,5.5228989864816915
123,O=S(=O)(c1cccc2nc(Cl)ccc12)N1CCCNCCC1,-3.34,0.0,-3.5445653999999998,0.24039705422780358,3.34,3.5445653999999998,3.34,4.265756562683411
124,O=S(=O)(c1cccc2nc3ccccc3nc12)N1CCNCC1,-5.63,0.0,-5.3631541,0.1788590502771612,5.63,5.3631541,5.63,5.899731250831484
125,O=S(=O)(c1cccc2ncccc12)N1CCCN(C2CCC2)CC1,-3.95,0.0,-3.8022296,0.2112716566220258,3.95,3.8022296,3.95,4.436044569866077
126,O=S(=O)(c1cccc2ncccc12)N1CCCNCC1,-3.607,0.024968435460842278,-3.5177504,0.24263961024940475,3.607,3.5177504,3.681905306382527,4.245669230748215
127,O=S(=O)(c1cccc2ncccc12)N1CCNCC1,-5.071,0.0011503039028698228,-4.765592600000001,0.20940340489505369,5.071,4.765592600000001,5.07445091170861,5.393802814685162
128,O=S(=O)(c1cccc2ncccc12)N1CC[C@H]2CNC[C@H]2C1,-5.281,0.0,-5.2026808,0.18893457159467053,5.281,5.2026808,5.281,5.769484514784012
129,O=S(=O)(c1cccc2ncncc12)N1CCNCC1,-4.664,0.0,-4.669234200000002,0.14746939907191897,4.664,4.669234200000002,4.664,5.111642397215759
130,O=S(=O)(c1ccnc2c(Cl)cccc12)N1CCCNCC1,-3.909,0.021980488508741694,-3.6284995,0.2126641187015658,3.909,3.6284995,3.974941465526225,4.266491856104698
131,O=S(=O)(c1ccnc2c(Cl)cccc12)N1CCNCC1,-5.137,0.0014797559834649205,-4.7627306,0.2164362529205446,5.137,4.7627306,5.141439267950394,5.412039358761634
132,O=S(=O)(c1ccnc2cc(Cl)ccc12)N1CC(N2CCCCC2)C1,-5.408,0.0,-5.1505508,0.17289776077812397,5.408,5.1505508,5.408,5.669244082334372
133,O=S(=O)(c1ccnc2ccc(Cl)cc12)N1CCCNCC1,-3.835,0.03486256182513407,-3.5213392000000003,0.2395047420038216,3.835,3.5213392000000003,3.939587685475402,4.239853426011465
134,O=S(=O)(c1ccnc2ccc(Cl)cc12)N1CCNCC1,-4.99,0.0,-4.8488727,0.16232917665604502,4.99,4.8488727,4.99,5.3358602299681355
135,O=S(=O)(c1ccnc2ccccc12)C1CCNCC1,-4.993,0.0,-4.8649071,0.23419853312188293,4.993,4.8649071,4.993,5.567502699365649
136,O=S(=O)(c1ccnc2ccccc12)N1CC(N2CCCNCC2)C1,-3.998,0.011102129923245387,-3.9768759000000005,0.1939645508099047,3.998,3.9768759000000005,4.031306389769736,4.558769552429714
137,O=S(=O)(c1ccnc2ccccc12)N1CCC(CSc2n[nH]c(=S)s2)CC1,-5.349,0.0202010558774953,-5.469205700000001,0.19665507870051444,5.349,5.469205700000001,5.409603167632486,6.059170936101544
138,O=S(=O)(c1ccnc2ccccc12)N1CCC1,-4.465,0.0,-4.3631196,0.26194468124359027,4.465,4.3631196,4.465,5.148953643730771
139,O=S(=O)(c1ccnc2ccccc12)N1CCC2(CCNCC2)C1,-5.632,0.0,-5.3845035999999995,0.18668221042584304,5.632,5.3845035999999995,5.632,5.944550231277528
140,O=S(=O)(c1ccnc2ccccc12)N1CCCC(N2CCNCC2)C1,-5.761,0.0,-5.658975400000001,0.16870448093958382,5.761,5.658975400000001,5.761,6.1650888428187525
141,O=S(=O)(c1ccnc2ccccc12)N1CCCC1,-4.729,0.0,-4.6707744,0.23068939846912215,4.729,4.6707744,4.729,5.362842595407367
142,O=S(=O)(c1ccnc2ccccc12)N1CCCCC1,-4.904,0.0,-4.6933156,0.22860814259316017,4.904,4.6933156,4.904,5.3791400277794805
143,O=S(=O)(c1ccnc2ccccc12)N1CCCN(C2CCCCCC2)CC1,-3.41,0.0,-3.1310958999999996,0.2471307853290154,3.41,3.1310958999999996,3.41,3.8724882559870455
144,O=S(=O)(c1ccnc2ccccc12)N1CCCNC(CO)C1,-3.819,0.0,-3.7206959000000004,0.2538878941560457,3.819,3.7206959000000004,3.819,4.4823595824681375
145,O=S(=O)(c1ccnc2ccccc12)N1CCCNCCC1,-3.477,0.03227530111987651,-3.3823540000000003,0.25324064746390773,3.477,3.3823540000000003,3.5738259033596296,4.142075942391724
146,O=S(=O)(c1ccnc2ccccc12)N1CCN(CC(F)(F)F)CC1,-5.48,0.0,-5.0156889,0.17805565572942955,5.48,5.0156889,5.48,5.549855867188288
147,O=S(=O)(c1ccnc2ccccc12)N1CCN(CCF)CC1,-5.143,0.015341728164052434,-4.720753200000001,0.26338236122562086,5.143,4.720753200000001,5.189025184492157,5.510900283676864
148,O=S(=O)(c1ccnc2ccccc12)N1CCNC(CF)C1,-5.261,0.0,-4.9689149,0.2182129952437117,5.261,4.9689149,5.261,5.623553885731135
149,O=S(=O)(c1ccnc2ccccc12)N1CCNC(c2ccccn2)C1,-6.446,0.01288207331639238,-5.6700153,0.22913646004848456,6.446,5.6700153,6.484646219949177,6.357424680145454
150,O=S(=O)(c1ccnc2ccccc12)N1CCNCC1,-5.219,0.0012425148500565144,-4.895111100000001,0.23684736579053367,5.219,4.895111100000001,5.22272754455017,5.605653197371602
151,O=S(=O)(c1ccnc2ccccc12)N1CCOCC1,-4.807,0.0,-4.6502168,0.27659034924375486,4.807,4.6502168,4.807,5.479987847731264
152,O=S(=O)(c1ccnc2ccccc12)N1CC[C@@H](N2CCCC2)C1,-5.592,0.0,-5.1534695,0.23978355179040323,5.592,5.1534695,5.592,5.87282015537121
153,O=S(=O)(c1ccnc2ccccc12)[C@H]1CNC[C@@H](F)C1,-5.136,0.0,-4.964910099999999,0.22328020258327463,5.136,4.964910099999999,5.136,5.634750707749823
154,O=S(=O)(c1ccnc2cccnc12)N1CCC(N2CCCC2)CC1,-5.418,0.0,-4.964614399999999,0.1509669684949328,5.418,4.964614399999999,5.418,5.417515305484798
155,O=S(=O)(c1ccncc1)N1CCNCC1,-4.2,0.015341728164052432,-3.9351057000000003,0.20184011146191194,4.2,3.9351057000000003,4.246025184492157,4.5406260343857365
156,O=S(=O)(c1cnc2ccccc2c1)N1CCCNCC1,-3.743,0.0,-3.5152922,0.2707997146123906,3.743,3.5152922,3.743,4.327691343837172
157,O=S(=O)(c1cnc2ccccc2c1)N1CCN(CCO)CC1,-5.174,0.0,-4.919639,0.17087666835254273,5.174,4.919639,5.174,5.432269005057629
158,O=S(=O)(c1cnc2ccccc2c1)N1CCNCC1,-5.243,0.0,-4.9325075,0.23560022802459885,5.243,4.9325075,5.243,5.639308184073796
159,O=S(=O)(c1cncc2ccccc12)N1CCCNCC1,-3.971,0.018943397790627786,-3.6031357,0.22828268351584238,3.971,3.6031357,4.027830193371884,4.287983750547527
160,O=S(=O)(c1cncc2cccnc12)N1CCNCC1,-4.711,0.0013507978422093822,-4.7551844,0.1677919128469481,4.711,4.7551844,4.715052393526628,5.258560138540845
161,O=S(=O)(c1cnccc1Br)N1CCNCC1,-4.568,0.015341728164052432,-4.115343200000001,0.13435807556344243,4.568,4.115343200000001,4.6140251844921565,4.518417426690328
162,O=S(=O)(c1csc2cnccc12)N1CCCNCC1,-3.265,0.016960959186042835,-3.1654329000000003,0.2466460042132347,3.265,3.1654329000000003,3.3158828775581286,3.9053709126397047
163,O=S(=O)(c1sc2ccccc2c1Cl)N1CCNCC1,-5.085,0.016960959186042835,-4.753439900000001,0.2858971189421961,5.085,4.753439900000001,5.135882877558129,5.611131256826589
164,O=[N+]([O-])c1ccc(S(=O)(=O)N2CCCNCC2)cc1,-3.498,0.0,-3.2573554,0.19062650272278875,3.498,3.2573554,3.498,3.829234908168366
165,O=[N+]([O-])c1ccc2c(S(=O)(=O)N3CCNCC3)ccnc2c1,-5.695,0.0,-5.0063562,0.25874409715995267,5.695,5.0063562,5.695,5.782588491479858
166,O=[N+]([O-])c1ccc2nccc(S(=O)(=O)N3CCCNCC3)c2c1,-3.755,0.176255270514464,-3.5981907000000004,0.21350890966544755,3.755,3.5981907000000004,4.283765811543391,4.238717428996343
167,O=[N+]([O-])c1cccc(S(=O)(=O)N2CCCNCC2)c1,-3.383,0.0,-3.3487812,0.2653399510783183,3.383,3.3487812,3.383,4.144801053234955
168,O=[N+]([O-])c1ccccc1S(=O)(=O)N1CCNCC1,-4.508,0.0,-4.33254,0.12525380221242458,4.508,4.33254,4.508,4.708301406637274
169,S=c1[nH]c(=S)n(CCCN2CCNCC2)c2ccccc12,-5.14,0.03227530111987651,-4.9242497,0.15920085743538698,5.14,4.9242497,5.236825903359629,5.401852272306161
170,S=c1c(N2CCNCC2)c(NCc2ccccc2)cnc2ccccc12,-5.931,0.011926054012334228,-5.748160700000001,0.2506392317854466,5.931,5.748160700000001,5.966778162037003,6.50007839535634
171,c1ccc2c(c1)SCC1CCNCCN21,-3.529,0.0,-3.3064131999999997,0.2531916375831452,3.529,3.3064131999999997,3.529,4.0659881127494355
